"Team","Name","Region","Region_id"
"100 Thieves","Tenacity •  Ssumday •  Closer •  Abbedagge •  FBI •  huhi","North America",7
"100 Academy","Gamsu •  Kenvi •  JimieN •  Wixxi •  Busio","North America",7
"100 Next","General Sniper •  Fanatiik •  Will •  Insanity •  Array •  Sword •  Mist  (Head Coach/Support)","North America",7
"Aquinas College","JudgeGrudge •  Namwen •  Stevenator •  YaaYeet •  ArmorClass •  uhh yeahh","North America",7
"AOE Ginger Turmeric","existence •  SiddyWiddy •  CptShrimps •  lens •  Duoking •  Sunlight •  Vakin •  DNA •  Tempest •  Le Grain","North America",7
"Arizona State","Firetheft •  Firinz •  Juke Jouster •  Zeshoo •  Pseudo •  hansha •  Skarmori","North America",7
"Bay State College","Akira Hou •  Bejjaniii •  Topo •  Devil deGrey •  Dragonminkim •  Ralyk •  Seranok •  Sophist Sage •  Jurassiq •  Swordblue •  admirable potato","North America",7
"Bethany Lutheran","Oraces •  Hunter •  EQon •  dog2 •  wizardish •  Bodast •  Hollywood •  Mental","North America",7
"CLG Academy","Dhokla •  RoseThorn •  Damonte •  Triple •  Meech •  Breezy","North America",7
"Cloud9","Fudge •  Blaber •  Jensen •  Berserker •  Zven •  Svenskeren","North America",7
"C9 Academy","Darshan •  Sheiden •  Copy •  k1ng •  Zven •  Destiny","North America",7
"Colorado State","Auberon •  Carson •  Ritual •  Copari •  Keetchie •  dylpickle123 •  venona •  plez","North America",7
"Columbia College","rovex","North America",7
"Converse University","Izaac •  Daydream •  Hyphe •  Pantheret02 •  ScaryJerry •  Alastair •  rocks908 •  Gummyhat  (Strategic Coach/Top)","North America",7
"CLG","Jenkins •  Contractz •  Palafox •  Luger •  Poome","North America",7
"Dark Matter","Boil •  Onehan •  Han Jae •  Nhavilay •  Bellow •  YaaYeet","North America",7
"Dignitas","River •  Blue •  Neo •  Biofrost","North America",7
"Dignitas Academy","Eclipse •  eXyu •  DARKWINGS •  Spawn •  JayJ","North America",7
"EG Academy","Srtty •  Tomio •  Soligo •  Kaori •  SkyTec","North America",7
"EG Prodigies","Faisal •  Perry •  LEO99 •  Daption","North America",7
"Evil Geniuses","Impact •  Inspired •  jojopyun •  Shiro •  Vulcan","North America",7
"Fanshawe College","Cavele •  Suutekh •  8yen •  Redluma •  Boon","North America",7
"Florida Southern","Good Kid AJ •  Doraikon •  Dragowski •  HipsterG •  Flaynndappy","North America",7
"Florida State","Pain •  Oronuke •  rockonhi5 •  Gristlestick2 •  Cell","North America",7
"FlyQuest","Kumo •  Josedeodo •  toucouille •  Johnsun •  aphromoo","North America",7
"FlyQuest Academy","Philip •  Yuuji •  Spirax •  Tomo •  Diamond","North America",7
"Glaive Esports Prime","Notzu •  Diomarr •  Cendilion •  Turc •  cooplew14 •  rachet00","North America",7
"Golden Guardians","Licorice •  Pridestalker •  Ablazeolive •  Lost •  Olleh","North America",7
"GG Academy","Tony Top •  Iconic •  ry0ma •  Chime","North America",7
"Grand View","Prankuru •  Kolthro •  Meslo •  airren •  Plutx •  Fritz •  learning brain •  Koskinen •  P1atypus •  Synotic","North America",7
"Harrisburg University","CloudNguyen •  Lxwrence •  ShorterACE •  Zile •  HighKeySavage •  Emps •  Hopeful •  Maykel •  Loop •  Clyde","North America",7
"Illinois State","Disconnector •  GFP •  DrewDozer •  Nuclear •  Nausicaa •  Tempos •  datdat1  (Assistant Coach/Top)","North America",7
"Illinois Wesleyan","Sharks R us •  Pythagoras •  Rune Weaver •  Wigeon •  Schoon •  HandyTaco •  Fizzi •  Dogge •  Animosity •  Kongzhi","North America",7
"Immortals","Revenge •  PowerOfEvil •  Arrow •  IgNar","North America",7
"IMT Academy","Concept •  Chad •  Pretty •  Joey","North America",7
"Last Resistance","Elated •  KingClueless •  Stretfa •  Exothy •  Justin •  Luck Man •  T0WN","North America",7
"Life Support","No Roster Avalable","North America",7
"Louisiana State","JRC","North America",7
"Lourdes University","srgntcam •  Rogue •  Shinsei •  yung van •  venkon","North America",7
"Maryville University","Niles •  OddOrange •  Kind •  Getback •  APA •  Azog •  EvanRL •  Shady •  Zyko","North America",7
"Meme Stream Team","No Roster Avalable","North America",7
"Miami University","JayNitro •  Evil Lobster •  Cleave •  Snakobki •  Troy •  iBjen","North America",7
"Michigan State","Sunlight •  really big meme •  Ianse •  Zethal •  Argentum •  Livatious •  Cylainius","North America",7
"Missouri Valley Coll","Davipazzini •  1847 •  Rauschenberg •  Thunderzinho","North America",7
"NALCS Players Association","No Roster Avalable","North America",7
"Nameless Randoms","Koic •  Detention •  Pynt •  Z Score","North America",7
"NC State","Jas","North America",7
"Northeastern","Jebem •  mode 0 •  Aloneus •  D4ZE •  FlyingHippo •  Stale Bagel •  woongst •  Phoenix •  An Oink •  Hiccup","North America",7
"Oakland University","Wzec •  Itsjon •  Muszyn •  Kealan •  Endrit •  MrNefarious •  Bellow","North America",7
"Ohio Northern","Aggression •  Kuhz •  Kado •  Direland •  Kaii","North America",7
"Ottawa University","Brixton •  Kota •  Blonde •  Levi Pug •  9Lives","North America",7
"Polar Ace","No Roster Avalable","North America",7
"Purdue University","4rch","North America",7
"Purdue Northwest","Dawg •  Soulendrik •  Noyoustink •  ISO ISO •  Barrera3 •  UdonBdon","North America",7
"St Louis University","Cozy •  Matty •  Strompest •  Doxa •  Teesum •  AndyBendy •  Zaga  (Head Coach/Jungle)","North America",7
"San Jose State","Tomgoku •  Ceol •  TTea •  Nelo •  Pedro","North America",7
"Simon Fraser","Jinsoul •  Shirabii •  happyheart •  otto is gun •  cob68","North America",7
"St Clair College","Ricky •  Fresh •  Zefirot •  Barlo •  Feiz •  Nakuteiken •  Verge","North America",7
"University at Buffalo","Emprisonner •  Derty •  Kenas •  Oriku •  Nyeong •  Areeb •  Delay No More","North America",7
"Supernova","Ariendel •  Clyde","North America",7
"Taco Gaming","Cozy •  Trixter •  Doxa •  Links •  rovex •  Qwacker •  Latence","North America",7
"Team Ambition","Decoy •  Nemesis9 •  Deity •  Chookies •  rockonhi5 •  SirZepre •  Nightstar","North America",7
"Team Cloud Drake","No Roster Avalable","North America",7
"Team Infernal Drake","No Roster Avalable","North America",7
"Team Liquid","Bwipo •  Santorin •  Bjergsen •  Hans sama •  CoreJJ","North America",7
"TL Academy","Bradley •  Grig •  Haeri •  Yeon •  Eyla","North America",7
"Team Mountain Drake","No Roster Avalable","North America",7
"Team Ocean Drake","No Roster Avalable","North America",7
"Third Party","Zamudo •  Janan •  Messages •  Lunar •  Ran Out of Wit •  MikeYeung •  Aito","North America",7
"Trances Tyrants","Pingpaddler •  evileyes •  Steefo •  Tomeito •  Kongzhi •  Trance  (Head Coach/Support)","North America",7
"TSM","Huni •  Spica •  Maple •  Tactical •  Shenyi","North America",7
"TSM Academy","animegirl •  Hyper •  Takeover •  Instinct •  Mia •  Yursan","North America",7
"Umbra Collective","sgrug4 •  RebelGang •  Marksboy •  SirCaptFair •  Revolved","North America",7
"University of BC","soupfan4 •  Swkeeee •  Shin Chin","North America",7
"UC Berkeley","Millennium Fox •  Issys Cutie •  RexRequired","North America",7
"UC Irvine","Dongha •  Berik •  ikuta lilas •  TacoVaco •  duong pro •  XiaoDanny •  Cinnamon Bread •  Sahori •  Misterdot •  dtro18 •  Kim Down","North America",7
"UCLA","The First Poro •  DouyuTV 14502 •  Temetrius Morant •  noak •  The Doggo •  Alibye •  Prosciutto •  Straws •  Rydragon","North America",7
"UC Riverside","Damloss •  ye yu •  Asianknight •  Nima •  SlyLego","North America",7
"UC San Diego","Anx •  KingClueless •  lemontartdreamer •  Disrespectful •  Unless •  Optimizer •  end credits","North America",7
"CU Boulder","Nurdistheword •  Muffinhawker •  Sarorian •  Deity •  rax •  MalevolentTitan","North America",7
"University of Denver","Resabyss •  Tigeg •  Only E For You •  Dr1v9 •  Duck3 •  Nickinator72  (Sub/Bot) •  Dankana4  (Sub/Jungle)","North America",7
"Illinois","Qwacker •  Kuderic •  JustChilln •  CarbonDiO  (Support/Coach)","North America",7
"UL Lafayette","ponder •  Sielant •  LOAFman •  YouMessedUp •  ArcDusk •  littlekingrmd •  MobaMouse •  Legacy •  slug •  On Razors Edge •  THE KRISP CHIN  (Sub/Support) •  VulpineMask  (Sub/Mid)","North America",7
"Uni of Michigan","Shamwwow •  Doowan •  Jouzef •  Doomfully •  DGMaster •  Sayhoon •  MexicanThunder •  Atout","North America",7
"University of NA","GG •  Solitified •  Skele •  Crackadon •  T0WN •  riversided •  ScaryJerry •  Nhavilay •  Tree Star •  Xav","North America",7
"University of Ottawa","EMBOR900 •  gumbee power •  Oni Akuma •  TA4LIFE •  sprinklrr","North America",7
"Uni of South Florida","Wu Xing •  Dandelion Yi •  chenchen •  niick •  Inzania","North America",7
"Uni of St Thomas","TC porsche •  Kitzuo •  RobbyBob •  Shogo •  Chookies •  Nova  (Head Coach/Jungle/Bot)","North America",7
"UT Austin","YellowBumbleBee •  CRY NOW •  naas •  Loopsers •  yeoun","North America",7
"UT Dallas","Dasori •  Hukiri Lee •  Smelp •  Good Sir •  Jraff •  TreeKangar00 •  kr4zykilla •  Objective Bounty •  Hemal  (Head Coach/Mid)","North America",7
"University of Toronto","NoticeMeSenpai •  Oltan •  DeafRef •  RyanthekidRS •  blue612 •  LittleFrosty","North America",7
"U of T Scarborough","Red Eclipse •  Spect •  Pyoneer •  Lancrize •  Wentao Yang","North America",7
"Uni of Waterloo","Inexhaustive •  DarkX •  usephysics •  callum koi •  sai desu","North America",7
"Western University","DrCalculus •  Grovy •  Sybr •  Winston •  Loyal •  Pynt •  Gorica •  Oland •  Links","North America",7
"Verity Esports","Solitified •  Sol •  Nebula •  Dear Vista •  Protos •  Legacy","North America",7
"Virginia Tech","Swaggy •  Butterfan3 •  gotoe11 •  FutureSelf •  Blamed One •  Eita Izumi","North America",7
"Wildcard Aces","Min •  Pockus","North America",7
"Wildcard Gaming","Allorim •  Griffin •  Matty •  Solaria •  Sohnar  (Positional Coach/Bot)","North America",7
"WC Developmental","Dot •  Snow2","North America",7
"Winthrop University","Mabud •  FrostForest •  Mordio •  Haebaragi •  Avano •  GRIMM •  Srkenji •  Paralisys","North America",7
"Wulf Pack","Expelles •  USAjj •  xusty •  GrayFawx •  Brand Z •  Xinthus •  Kallliii •  Mental","North America",7
"York University","ChickenDelivery •  Waeel •  Sweet Tangerine •  Logia •  Invent •  Spin •  Lotus","North America",7
"Zenigma Eclipse","lunacia •  Crackadon •  AllAero •  ScaryJerry •  rocks908 •  Hyphe","North America",7
"Zenigma Solar","Diesel •  Zhadox •  Pure Genesis •  BoskETI •  Kyleg00d","North America",7
"1 BESC eV","Masterflexi •  TheMilkshake000 •  l3ryan •  Flubba •  Dr Tiger","European Team",4
"AaB Esport","Gunkus •  Bobas •  Blueben •  Khanh •  Tun •  Mutra •  Riberry •  MeKkozZ","European Team",4
"Adriatic Wolves","No Roster Avalable","European Team",4
"Afterglow","Febern •  Hiponix •  Edru •  Kooovi •  Walther","European Team",4
"AGO ROGUE","Sinmivak •  Rabble •  Nite •  Lucker •  beansu •  Leon","European Team",4
"All for One Gaming","Fledex •  Blank •  Relative •  Varry •  Kampfuropa","European Team",4
"ALTOKEKW Esp","No Roster Avalable","European Team",4
"Angry Bats","Sleeping In Top •  TR1NKET •  Skaterot •  Geeroid •  Corriragazzo","European Team",4
"Anorthosis Famagusta","Artorias •  Daglas •  Lotus •  LOCKIE •  LittlePants •  Dom1nant •  J0J0C","European Team",4
"AOMA Esports","jjs156 •  Rosco •  Baran •  osolosta •  Crown •  Youlie •  Hawk","European Team",4
"Arctic Gaming","No Roster Avalable","European Team",4
"AGEM","No Roster Avalable","European Team",4
"Astralis","Vizicsacsi •  Dajor •  Kobbe","European Team",4
"Astralis Talent","Fartkontrol •  Taxer •  Chres •  Chrisberg","European Team",4
"Atlas","Spappolino •  Pride •  LeoPe00 •  Ni<U+03C7>","European Team",4
"Atleta Esport","Gabbo •  MightyDragon •  XoNix •  Endz •  Cospect","European Team",4
"Atleta Esport Academy","Skar •  Luv Letter •  Thraex •  Imnxtamess •  Enryy","European Team",4
"Atletec","Jujutw0","European Team",4
"Austrian Force","No Roster Avalable","European Team",4
"Axolotl","Rawbin IV •  Gama","European Team",4
"Axolotl Academy","aPDRONE","European Team",4
"AYM Esports","Lenom •  CRoNiiK •  Kamikaze •  Raziel •  HYOG4","European Team",4
"Barça eSports","Dreedy •  twohoyrz •  Deadly •  Xixauxas","European Team",4
"Bastards Esports","Jadko •  Jormag •  Cryptonite •  BompaCaps •  Spankzy •  Alone •  Backhunter","European Team",4
"beGenius ESC","Garp •  Fallen •  Tziz •  Tito •  XERSUS7 •  Bliio","European Team",4
"BIG","Venour •  Pabu •  Zazee •  Quicktimer","European Team",4
"Bifrost","Shikari •  Cboi •  Furuy •  Odi11 •  DuaLL •  PiOk","European Team",4
"Bifrost White","Pjush","European Team",4
"Bis Esports","Knika •  Bruno04 •  Pimen •  Sh3ry •  RTeks •  Zum0","European Team",4
"BISONS ECLUB","Myrwn •  Albetrayber •  Random •  Guubi •  Oscure •  ThreaM","European Team",4
"BK ROG Esports","Kaylem •  zoiren •  Blackrog •  Veignorem •  Freazy","European Team",4
"Black Lion","ItGox •  Stargazer •  Chaki •  Gint •  Thementerlist","European Team",4
"Boavista FC","Misaki •  Chaos •  Phoxie •  Zenitsu •  Tochas","European Team",4
"BRUTE","EdbyK •  Pact •  Strange •  Mauss •  Petis","European Team",4
"Case Esports","R4VEN •  AHaHaCiK •  Miniduke •  JaVaaa •  SaNTaS •  Ace","European Team",4
"Connecting Esports","Stryth •  Gremy •  Zorka XL •  A1M •  Virtuso •  Roesoe •  Vendeltorp","European Team",4
"cowana Gaming","TemptAzn •  Pocok •  coing •  CHECKFIDER •  Rychly","European Team",4
"CPLAY","No Roster Avalable","European Team",4
"Crvena zvezda","Wondro •  DoubleAiM •  TasteLess •  Inky •  chopsteek •  Scaryride •  Colamax  (Jungle/Coach/Team Manager)","European Team",4
"Cryptova","Emperor •  Sacrifice •  Esko","European Team",4
"Cyber Wolves","KenRuto •  gtrik •  Subbex •  Lauxio •  Ciara •  Sapinho •  Rygel •  Illusion •  Tornadox","European Team",4
"Cyberground","PatkicaA •  Siler •  Nash •  Dambaj •  Zekrosk","European Team",4
"Dark Tigers","Champen •  Sumi •  Promise •  Dejvos •  Majkkl","European Team",4
"Dark Tigers Academy","Stryg •  Vlaren •  Peraxy •  Aklass •  Vizi","European Team",4
"Dead Rabbits","Wenhao •  Yolo •  Nae •  Aleykxar •  Trortro •  Khaaevo •  Lucas386","European Team",4
"Demise Academy","Leon","European Team",4
"Diamant Esports","Shy Carry","European Team",4
"DIVIZON","Youca •  Zapdo •  Beartree •  punchy •  Zuko","European Team",4
"Domino esports","RIPPED •  Sidon •  Shaolin •  Kris •  Denden","European Team",4
"Domme Jongens","Phoenix •  Dommy •  Baba •  Jkalam •  Boomin •  Mke •  Karnemel •  Mechanics","European Team",4
"Double Crunch Italy","No Roster Avalable","European Team",4
"DREN eSports","Hachi •  Wiko","European Team",4
"Dusty","Viking •  Backlund •  Venzer •  FGG •  Icelandic Hero","European Team",4
"Dynamo Eclot","Kulvas •  Savero •  Jackisek •  Reedfoo •  Smarty","European Team",4
"Dynasty","Squarepantsu •  TheMTB •  Elusion •  Jhinsane •  Mahonix •  Jackie","European Team",4
"E WIE EINFACH","Marcel •  Afroboi •  Kaymin •  Kxng •  PsYcraw","European Team",4
"Earth Revolution","xGenesis •  Ryujin •  Wenbo •  Fornari","European Team",4
"EGN Esports","Zeni •  Time •  Heroic •  xDrop •  Joo","European Team",4
"EGN Academy","OuterRaven •  Darber","European Team",4
"Eintracht Frankfurt","Sven •  Akremi •  Glowing •  Alca •  Ravenk •  Vaunted","European Team",4
"Eintracht Spandau","Pride •  Obsess •  Special •  Kynetic •  Prime •  Pandar  (Support/Streamer)","European Team",4
"Elyandra Esport","S0bek •  LéoLeCargo","European Team",4
"eMonkeyz SDH","ManoloGap •  Balyy •  Hax •  Fede •  Fendras","European Team",4
"Emperor Gaming","Dr Edgar •  TheSerius •  Scream •  Reseted •  JUST1CARIUS","European Team",4
"Entropiq","Robocop •  Rames •  Eren •  Khantos •  denyk •  Vinxen","European Team",4
"ERKO Esports","Lays •  Flaai •  Lenochodecc •  Vasekfel •  Dejv •  Kenny","European Team",4
"ERN ROAR","Nano •  Tofoufou •  Lulas •  Spadur •  Air •  Nikola •  Biotic •  Sekkou •  Toubler","European Team",4
"Esport Empire","IceBreaker •  Sandalo •  Paradox","European Team",4
"eSport RheinNeckar","Mirai no Yuuutsu •  PhaIanx •  Deception Mid •  Ede200 •  ThisIsR4Y","European Team",4
"eSports Nord eV","Zerstoeerer1 •  Aspect •  Arakhet •  Tharsk •  Súlimo","European Team",4
"eSuba","Welcom •  Jejky •  Sajator •  Dany •  VaSKED","European Team",4
"eSuba Academy","Kars •  Knedla •  idevilekk •  Glutch •  Koudys","European Team",4
"ESUG UFF","Lindbergh •  Timon •  lorofatz •  Sayna •  Smebber •  NiceToMeetMe","European Team",4
"Et cetera","Szafa •  Bedi •  Ejsner •  mumek •  Lucan","European Team",4
"Excel","Finn •  Markoon •  nukeduck •  Patrik •  Mikyx","European Team",4
"Falcons","Jervo •  Palens •  Midnight •  Blink •  Aizhon •  Raedz","European Team",4
"FC Nantes","Seminol •  Louis •  Filou •  Dengel •  nrmn","European Team",4
"Schalke 04","Scarface •  Isma •  Decay •  TakeSet •  HungryPanda •  EliteJoint","European Team",4
"Fnatic","Wunder •  Razork •  Humanoid •  Upset •  Hylissang •  Nisqy","European Team",4
"Fnatic TQ","Oscarinin •  Maxi •  Baca •  BEAN •  rhuckz •  Suren •  Boukada","European Team",4
"For The Win","Curl •  Own3rTcam •  Noma •  Calmsky •  Dragon","European Team",4
"Forsaken","WillTheScout •  Lokmays •  MaxxWarrior","European Team",4
"Fylkir Esports","Car •  Gadget •  night time •  Karlmaður •  Yordle Stomper •  Jenk","European Team",4
"G2 Arctic","Color •  Alexx •  Fresskowy •  Supa •  Efias •  Nasser","European Team",4
"G2 Esports","Broken Blade •  Jankos •  Caps •  Flakked •  Targamas","European Team",4
"GamerLegion","Sacre •  D4nka •  Escik •  Jinjo •  Visdom •  Techoteco","European Team",4
"Gamespace MCE","Faded •  Sh4kur •  Leo D Aras","European Team",4
"GameWard","Melonik •  Akabane •  Czekolad •  Innaxe •  Kamilius","European Team",4
"Gentlemens Gaming","Grzybek •  Badlyyga •  Ariana •  Adison •  Slipper •  Kaka","European Team",4
"German Pingus","No Roster Avalable","European Team",4
"GGEsports","Conse •  Music","European Team",4
"GGE Academy","No Roster Avalable","European Team",4
"Giants","Th3Antonio •  Maxlore •  Jiizuke •  Keduii •  Advienne •  Cayetan0","European Team",4
"GOEXANIMO","Godux •  Hmlss Master •  Facen •  Klydex •  bAZZILISKS •  Medaluslv","European Team",4
"Goskilla","VeyLot •  Sh4dowUs •  Silas •  Baybror •  Tixn •  Jabuticaba","European Team",4
"GR1ND","Zora •  ShazQ •  Ribu •  Lothen •  Acorderr •  Makk","European Team",4
"Grow uP Girls EU","Emolga •  Dragon •  Aloru •  Noemi •  Mishoper","European Team",4
"Grypciocraft","PolskiKoz •  Witek •  Domoles •  Damkex •  iGepard","European Team",4
"GTZ Bulls","Vortum •  Fred •  Ivan Dragovic •  Pan","European Team",4
"Guarp Gaming","Viggomopsen •  Bartholdy •  legoman •  Kridz •  Thor •  FredSpaghet","European Team",4
"Guasones","Smurfegutten •  Noname •  Hydra •  Legolas","European Team",4
"Hanover Hounds","No Roster Avalable","European Team",4
"Herbalife Real Betis","Vertigo •  Soul •  FeeNiixZ •  Drifter •  Ermin •  Jorx","European Team",4
"Hertha BSC","Fl4mer •  Lamabear •  Matislaw •  Coldraa •  Nio","European Team",4
"Hive Athens","Northenlights •  DEV1L •  Zekja •  Nyzah •  SneakyLemon •  Atrogz","European Team",4
"Illés Akadémia Spirit","Defleck •  CrankZ •  Fear •  Frenna •  karci","European Team",4
"Illuminar Gaming","Warszi •  xCharm •  Mis","European Team",4
"Imperio eSports","PulliTommy •  Moraiel •  Zestrox •  xLENN •  MusicianBrook •  Kyra","European Team",4
"Inaequalis","Dred •  Rošták •  Kenapil •  WorstADC •  Zeussak •  Awaker •  Šišo","European Team",4
"Infernal Void","No Roster Avalable","European Team",4
"Inside Games","Sheja •  Nero","European Team",4
"Inside Games Challengers","Tomem •  Pshybyl •  Dolis •  Marzo •  Hobko •  Bery","European Team",4
"Internaziomale","Kubon •  Rybson •  Overpow •  defles •  april •  ArQuel","European Team",4
"Invulnerables Esports","Larsam •  Attõ •  ThePoodleHorse •  Chilenare •  Duck Drowner •  Chaos Senpai","European Team",4
"Ion Squad","Nazgul •  jbdutchowns •  Kiss Me","European Team",4
"Iron Wolves","Kakan •  Souli •  Saulius •  Yashiro •  Czypsy •  ChosenOne  (Top/Managing Partner)","European Team",4
"Izi Dream","JDG •  Noltey •  Roison •  DizL •  Zoelys","European Team",4
"JDXL","Kryze •  Dan •  EMENES •  Omar","European Team",4
"Joblife","Wylenz •  Manaty •  Serendip •  Seelame •  Benaset","European Team",4
"Karma Clan Esports","Sl4shD •  D4SH •  Silvestre •  Qu4rtzo •  Exiled","European Team",4
"Karmine Corp","Cabochard •  113 •  Saken •  Rekkles •  Hantera •  Wao","European Team",4
"Kawaii Kiwis","Poweh •  NiuNai •  Macaquiño •  Kaii •  Yonna •  Wolfen","European Team",4
"KIT SC","GentlemanHero •  Striker •  On3Sh0t •  Sayna •  LorenzKopf","European Team",4
"KIT SC White","GentlemanHero •  Striker •  Redeemed •  Horyzon •  Drag Hyphen •  Kyubae","European Team",4
"KmK eSports","Matebuff •  hextasy","European Team",4
"KOI","SLT •  Koldo •  Hatrixx •  Rafitta •  seaz •  MyKey •  Plasma","European Team",4
"KRC Genk Esports","Guertas •  Monk •  Cisse","European Team",4
"KVM Esports","Tuomari •  Lian •  Mettoe •  Slyv3r •  Bardo •  Dragflick","European Team",4
"KVM Strijders","Yung Mus •  Don96 •  GigCeez •  Boykuh •  Rosco •  Yorange","European Team",4
"Lanomania","Buchi •  Lejon •  Greedlife •  Cronan •  Boundless •  Gustav","European Team",4
"Laughing Coffins","No Roster Avalable","European Team",4
"LDLC OL","Ragner •  Yike •  Eika •  Exakick •  Doss","European Team",4
"LDN UTD","IcyGale •  noided •  Yoichi •  Fabes •  Divinuss •  Dunlosi •  Mortifer","European Team",4
"LDN UTD Ice","Lileu •  Evelyn •  Ali •  bambi •  Kiss3TheRain •  Unicornik •  Yanako •  Lilith •  Ayrine •  Charlotte","European Team",4
"LEC Kings","No Roster Avalable","European Team",4
"LK Gaming","Fai •  Apodo •  Royer •  Shokram •  Bhard •  Uthred •  Sihrc","European Team",4
"Lodis","Orzecz •  JDMK •  Secrett •  Catstyle •  Wolle •  Ever •  Ketrab","European Team",4
"Lucent Esports","Kastrullen •  Akkers •  Fantasi •  Kasapina •  Sintax •  Fuyu •  Zimba •  Killakin","European Team",4
"LUL Esports","Dragneel •  Paradox","European Team",4
"Lunary","LRB •  Narkuss •  Tioo •  Cobble •  Sharkk","European Team",4
"Lundqvist Lightside","Zvene •  Svikter •  Tjockpung •  Saddy •  Touch •  Pluck","European Team",4
"Macko Academy","Rharesh","European Team",4
"Macko Esports","Kerberos •  Sof •  HHNeverLucky •  Rharesh •  Click •  Gine •  Lairas •  Cohle","European Team",4
"MAD Lions","Armut •  Elyoya •  Reeker •  UNF0RGIVEN •  Gistick","European Team",4
"MAD Lions Madrid","Gaëthan •  Hades •  Knighter •  DenVoksne •  Lilipp •  Tore •  Kackos","European Team",4
"Manguste AT","TearsOfRiven •  SpicyMich •  Dottor Pìvetta •  Vanityfear •  EToy v2 •  Bazzone","European Team",4
"Manguste eSports","No Roster Avalable","European Team",4
"Masonic","Nulto •  G0dtur •  William4 •  moxokx •  Hasse","European Team",4
"mCon LG UltraGear","SozPurefect •  EliWood","European Team",4
"Medieval Riga","ZupZup •  Opelis •  Spozhais •  Helvis •  Capsey •  Pugnare •  GN0MAS •  DoubleG •  Ultimater","European Team",4
"Method2Madness","nBeezy •  Frenzy •  unexpected •  xmar •  Warizar •  Luntear","European Team",4
"Mirage Elyandra","Badlulu •  Memento •  RangJun •  Cody Sun •  Raxxo •  Herazor","European Team",4
"Misfits Gaming","HiRit •  Shlatan •  Vetheo •  Neon •  Mersa •  MagiFelix","European Team",4
"Misfits Premier","Irrelevant •  TynX •  Czajek •  Woolite •  Vander •  Diamante","European Team",4
"MNM Gaming","DeathByLollipops •  DanteNypd","European Team",4
"MOUZ","BOSS •  Lyncas •  Nomanz •  Practice •  Saviour •  Rueven","European Team",4
"Movistar Riders","Marky •  Kadir •  xKenzuke •  Tazaku •  Pyrka •  Harald •  Valans •  izeman","European Team",4
"Movistar Academy","Harald •  Valans •  izeman •  Vega","European Team",4
"Munster Rugby","Stumpy •  Gaboesh •  Chemera •  Baloo •  Kevaman","European Team",4
"Munster Rugby Academy","SynapseSprinter •  Influentik •  Inspire •  Kevaman •  Traneax","European Team",4
"mYinsanity","FatShield •  Densi •  Pesho •  Notiko •  Cerecof •  Rain","European Team",4
"myRevenge","No Roster Avalable","European Team",4
"Mythos Gaming","Jambo","European Team",4
"NAT","No Roster Avalable","European Team",4
"Nativz","Lunddorf •  Sn1lle •  Rylle •  Jopa •  Cl0x •  Regostern","European Team",4
"nDurance Gaming","TheWanderingPro •  Sebal •  Energy •  Aggersbo •  Liam •  Rassiel","European Team",4
"Nexus KTRL","Septico •  Askan •  SQCristian •  DeathArrow •  Vioreleeee •  Evil •  KeTa","European Team",4
"Nigma Galaxy","Sanah •  Shiina •  Lady Helsing •  Nenris •  Kyanna","European Team",4
"NK Osijek Esport","Boras •  Fiko •  Feit •  Nedara •  Koxira •  Alleex •  Pitar  (Bot/Manager)","European Team",4
"No Need Orga","Tolkin •  Agurin •  NoWay •  Broeki •  Karni •  Ventair •  Envy Carry","European Team",4
"North","No Roster Avalable","European Team",4
"Northern Lions","Tiger •  QTKT •  Achilles •  GG Sir •  tchokez •  DrSaw •  YallaSafSaf •  Powages","European Team",4
"NRAX Esports","KoxTroll •  Turtel •  GGiler •  Jellyray","European Team",4
"NYYRIKKI","Petoska •  Azitor •  Abagnale •  Wayzen","European Team",4
"NYYRIKKI Academy","Voluxa •  yones •  Knemo •  Honels •  Puppe •  Dexui •  Migo","European Team",4
"Odivelas Sports Club","Renas •  Tigaz •  Galaxy •  Pyton •  towhat","European Team",4
"OFFSET Esports","F4rg •  yanjee •  Karoq •  Jonhy •  Kamyta •  HUGOD •  Henra","European Team",4
"Olympiacos Alimou","WouLou •  Rabbit •  Pun1sher •  Bananitoo •  Druxy","European Team",4
"Omerix","Ethinak •  Damarros •  Reus •  Caliste •  Vactator","European Team",4
"Oserv Esport","Norwegian","European Team",4
"Outplayed Academy","Mistil •  DaniFuFuu","European Team",4
"P11 Esports","kekko80 •  Vethorm •  DreamMaker •  Make","European Team",4
"Panathinaikos AC","Banned IRL •  REVENG •  Comeback •  Evil •  Reyzoasda •  Papajim","European Team",4
"PCS Taran","TamoZ •  Kituruken •  Evaan •  Gotzy •  Wixo0","European Team",4
"PENTA 1860","Sleeping •  Rulfchen •  Phantomles •  FUN k3y •  Tolerant •  Wildenbruch","European Team",4
"Pentagon Maze","Danki •  Pallet •  GodSoap •  Fredzlew","European Team",4
"Pertinax Esports","Dusseldrop •  Foute Makelaar •  Yeetified •  Khada •  Bondo Petit","European Team",4
"Phlox Gaming","Shole •  Shyelander •  Soggen •  Ibai •  EscoX •  DoubleB •  Cobierms","European Team",4
"piratesports","Mikkel •  HeavyDream •  Rawil •  MNT •  Herod","European Team",4
"Playing Ducks","No Roster Avalable","European Team",4
"Polska Gurom","No Roster Avalable","European Team",4
"PRIDE","itzRenifer","European Team",4
"Project Sinners","Elite •  Mentor •  Lajwer •  SemperSolus  (Coach/Bot)","European Team",4
"QLASH Spain","Eleison •  Indr4 •  Piku •  Aaron •  Kandar •  Oda •  Epicks","European Team",4
"Ramboot Club","Ethelikith •  Thayger •  Arven •  nash1c •  Ninten •  KoKo","European Team",4
"Random 5","Lubenaki •  WildRabbit •  HopHopJr","European Team",4
"RATE Gaming","ArcaneTeddy •  BornThisWay •  Topi •  Lowfire •  Nomi •  Pehrson •  Peap","European Team",4
"Rebels Gaming","Javier •  Nixerino •  Viketox •  Tikyl","European Team",4
"Rejects Gaming","Jovian •  Amethyst","European Team",4
"Resolve Blue","Nyxyvel •  Trez •  Escapex3 •  Stratospanda •  Rencha","European Team",4
"Rich Gang","Banderas •  Elegansy •  Air •  KappaBeetle •  Mirbs •  Thoug","European Team",4
"Riddle Esports","Nukes •  Rudolf","European Team",4
"Riddle NO","Deidara •  Ploxy •  Flufo •  Tide •  Touch •  Leedge •  Knut Erik •  legoman","European Team",4
"Rogue","Odoamne •  Malrang •  Larssen •  Comp •  Trymbi •  Blueknight  (Head of Analytics/Mid)","European Team",4
"Rulers Esports","Krosak •  Pluto •  Lukyss •  Chimer •  Kotva •  Focus","European Team",4
"SAMCLAN Esports","Kaiba •  Kirian","European Team",4
"Morning Stars","Counter •  DejaVu","European Team",4
"Silver Wolves","Woofer •  Lapis •  Mehere •  Criptik •  Nilan •  SkyOwnage","European Team",4
"SINNERS Esports","r0bbed •  Speedy •  ordno •  Strode •  Syrpy","European Team",4
"SK Gaming","Jenax •  Gilius •  Sertuss •  Jezu •  Treatz •  Bertho  (Manager/Support)","European Team",4
"SK Gaming Prime","Alois •  Eckas •  Dehaste •  Gadget •  Mystiques","European Team",4
"SLR","Rigas","European Team",4
"Solary","Kio •  Djoko •  Scarlet •  Asza •  Steeelback","European Team",4
"Sparx Esports","Jouvis •  Snows •  WardShock •  Kaarl •  Nyah","European Team",4
"Split Raiders","zezpez •  Dmitar •  Enoch •  Lexa •  Steryd","European Team",4
"Sprout","Klowny •  Spooky •  InDeed •  mihaibaros •  Ephekles •  Bambi","European Team",4
"Stormbringers","LightFall •  Emvipi •  Serch •  ChiQQQ •  Miyuuri •  VascoDC","European Team",4
"Team 7AM","Jaguar •  Zhìì •  Remix","European Team",4
"Team 7AM Academy","Electro •  Innovation •  Franky •  Bewis •  Kuromi","European Team",4
"Team Amelia","No Roster Avalable","European Team",4
"Team BDS","Adam •  Cinkrof •  NUCLEARINT •  xMatty •  LIMIT","European Team",4
"Team BDS Academy","Agresivoo •  Sheo •  Xico •  Crownshot •  Erdote •  Jaylink","European Team",4
"Team Du Sud","Shemek •  Melon •  LaFleur •  Hyôrai •  Tobi","European Team",4
"Echo Zulu","Flaxxish •  Mirrored •  Dragdar •  Nightmares •  Boomin","European Team",4
"Team ESCA Gaming","HeSSZero •  xeonerr •  Mrozku •  HARPOON •  marlon •  lee sang •  ygzor","European Team",4
"Team GO","Karim kt •  Ronaldo •  SMILEY •  Enjawve","European Team",4
"Team Heretics","Satorius •  bluerzor •  Zwyroo •  Jackspektra •  whiteinn •  Werlyb  (Partner/Ambassador/Top)","European Team",4
"Team MCES","Lingwi •  Zicssiflay •  Moutarde •  Frappii •  Honor","European Team",4
"Team Oplon","Darlik •  Bruness •  Peng •  Xicor •  Absolute •  Tiger •  Nono","European Team",4
"Team Phantasma","Bako •  Nikolex •  Peppe •  Vaynedeta •  Sanity •  Infe •  GreeN Lant3rN","European Team",4
"Pique Sel","GoB •  Joinze •  Rhobalas •  Chap •  TraYtoN","European Team",4
"Team Refuse","Adiss •  Jimsnop •  RektLess •  Cephei •  Gosberg","European Team",4
"Team Revive","No Roster Avalable","European Team",4
"Team Sampi","Broken Sword •  Zubac •  Ady •  Only •  Marco •  adampongo •  Kyoshi","European Team",4
"Team Singularity","Tatuy •  pawp •  Dragane •  Zpikee •  JeppeHou •  Muter","European Team",4
"Team Vitality","Alphari •  Selfmade •  LIDER •  Perkz •  Carzzy •  Labrov","European Team",4
"TeamOrangeGaming","Tayto •  Kutamo","European Team",4
"Tempered Fate","Aanng •  Zerberus","European Team",4
"The French Zoo","No Roster Avalable","European Team",4
"The Spawn","Necromartin •  Navatar •  Zebron •  Rassiel •  RusheX","European Team",4
"TP Adequat Academy","Twelve •  Whiteakitout •  Nafkelah •  Avra •  Obstinatus","European Team",4
"TT willhaben","ACD •  behave •  tibor •  Riku •  Highway","European Team",4
"UCAM Tokiers","Nji •  Manumatador •  Venom","European Team",4
"UCAM Tokiers Academy","Zaiiche •  Manumatador •  Ruxal •  Venom •  Cartamenio •  ExMiLLo •  Saile •  Rewound","European Team",4
"Umbra Divinus","Kourosh •  Jovian","European Team",4
"UOL Sexy Edition","iBo •  Lurox •  Ruby •  Reptile •  Dreamer Ace","European Team",4
"Valiance","Rifty •  Indecision •  Lmzs •  Paladin •  Tiara","European Team",4
"Valiants","selenex •  ShooLow •  Manster •  Kurilius •  Wannabe","European Team",4
"Vanir","Nille •  Noodle •  Sahira •  Kehvo •  Quixeth •  Riziki","European Team",4
"Veni eSports","No Roster Avalable","European Team",4
"Verdant","Valkyrie •  Sybol •  Erixen •  Draconium •  Crow •  Hankat •  R0yals","European Team",4
"Viperio","Akukatt •  Emp •  Painful •  Floopz •  Krallex","European Team",4
"Visual Perception","Raigos •  SpecialKey •  Crunchy","European Team",4
"VitalityBee","Szygenda •  Skeanz •  Diplex •  Jeskla •  Jactroll","European Team",4
"Warthox","Leedge •  Snabipojk","European Team",4
"WAVE Esports","sOAZ •  Mirai •  Xoura •  Bung •  Adept •  Jakobobbi  (Jungle/Assistant Coach)","European Team",4
"WeSports","flagin •  Frozen Renga •  Shiro •  Fliko •  Heinrich •  FastLegged •  Manki","European Team",4
"White Dragons","PapiTeero •  Mart •  Blizz •  Worst •  João •  Croka","European Team",4
"Wild Panthers","Aeiish •  SORA •  Blue Flames •  Aggression","European Team",4
"Wizards Club","Raider •  Anonymouss •  Universe •  Samux •  Simpy •  Surprise","European Team",4
"Wonder Stag eSports","No Roster Avalable","European Team",4
"x6tence","No Roster Avalable","European Team",4
"X7 Ascent","Hypa •  Integral •  Scuffed •  Syn •  Pinkmin •  Nadsat","European Team",4
"X7 Esports","Jaeger •  Haru •  Tempt •  Nata •  Kasing •  mag1cian •  KT •  Twiizt","European Team",4
"XD Prinfor B","No Roster Avalable","European Team",4
"XY Esports","Leikmaður •  Kookie •  Oktopus  (Bot/Manager)","European Team",4
"Yellow Stripes","Sotsy •  eaRyz •  Artoria •  matiaslaclasse •  Linkkey","European Team",4
"ZAT Refugees","Aristo •  Kweezer •  Lykki •  RaiZeR •  Xëmon •  Nîmu","European Team",4
"ZennIT","Theoloris •  Ovale •  Nathell •  Ascalon •  Mirai","European Team",4
"Zephyr Esport","NooB •  PatateVolante •  Shinbu •  Bartoh","European Team",4
"Zero Tenacity","mumus100 •  Ryuzaki •  Sebekx •  Vzz •  Wojtus •  Niwrok","European Team",4
"Zerolag Esports","Psilakhs •  YouMertBro •  Gagai •  ZaFiR •  Maxibillion •  Satanico","European Team",4
"ZETA","Nyx •  Hiro •  WachonBB •  Vixzy  (Sports Director/Jungle)","European Team",4
"Anyones Legend","Zdz •  xiaohao •  Forge •  ZWuJi •  Betty •  QiuQiu","Chinese Team",2
"ALYoung","Overture •  Xcheng2 •  icecoKe •  Erha •  Harder •  Jump •  Michi •  kaixuan","Chinese Team",2
"Bilibili Gaming","Breathe •  Weiwei •  FoFo •  Doggo •  Uzi •  Crisp","Chinese Team",2
"BLG Junior","Myths •  ifcan •  pinz •  xiaodai •  Rise •  Jwei","Chinese Team",2
"EDward Gaming","Flandre •  Xiaoxiang •  JieJie •  Scout •  Viper •  Azure","Chinese Team",2
"EDG Youth Team","Solokill •  lvye23 •  Monki •  0909 •  L1f •  Leave •  Xiamu •  Dodoup","Chinese Team",2
"FunPlus Phoenix","xiaolaohu •  Clid •  Gori •  Care •  lwx •  Hang","Chinese Team",2
"FunPlus Blaze","Kartis •  Longmao •  haoye •  beichuan •  Qing •  jiang •  JingYi •  xingye •  Lele •  why","Chinese Team",2
"Invictus Gaming","Danile •  XUN •  Mole •  Yuekai •  Wink •  Lucas •  neny •  Ahn •  Ke","Chinese Team",2
"iG Young","YSKM •  Xzz •  xzy •  xiaoyueji •  Mitsuki •  BlackKnight •  tiga","Chinese Team",2
"JD Gaming","369 •  Kanavi •  YaGao •  Hope •  Missing •  Yimeng •  Lpc","Chinese Team",2
"Joy Dream","unravel •  705 •  Xiao17 •  Came •  QingZhi •  Lad •  TuT •  Feather •  Xhow","Chinese Team",2
"LGD Gaming","Cult •  shad0w •  Ye •  Eric •  Jinjiao •  Garvey •  Kui •  Chance","Chinese Team",2
"LGD Young Team","Rumiki •  rice •  Fatfish •  clot •  haichao •  RAnl •  minghai •  XLC •  TTH","Chinese Team",2
"LNG Academy","Clever9 •  Darwin •  Vergil •  naifen •  LP •  Uneasy •  yawang •  PandaC •  Yanmo","Chinese Team",2
"LNG Esports","Ale •  Tarzan •  Doinb •  Light •  LvMao •  Iwandy","Chinese Team",2
"MAX","Yaoyang •  KennyChan •  Stray •  Medzz •  Xiaguang •  Vinay •  XinMo","Chinese Team",2
"Oh My Dream","Aphasiac •  Mori •  Wuming •  Sllo •  Summer •  s1aytrue •  Guang","Chinese Team",2
"Oh My God","shanji •  AKi •  Creme •  Able •  Five •  M1kuya","Chinese Team",2
"Qing Jiu Club","eiir •  bolin •  chaos •  Clay •  pyboy •  xiaosheng •  Paopao","Chinese Team",2
"Rare Atom","Cube •  Leyan •  Strive •  iBoy •  yuyanjia •  Xiaoyang •  Zorah","Chinese Team",2
"RA Period","torch •  zzx •  Yesjun •  DOING •  Such •  fadacai •  Parac","Chinese Team",2
"Royal Club","Xiaoxu •  Adeer •  lovely •  Tangyuan •  Asura •  ZJJ •  Mysun •  Reheal •  Zap","Chinese Team",2
"RNG","Bin •  Wei •  Xiaohu •  GALA •  Ming •  Bunny","Chinese Team",2
"SDX Gaming","Binggan •  Noregret •  xingluo •  Bubble •  Forever •  Shadow •  qingchen","Chinese Team",2
"TEAM ORANGE","lcberg •  5K •  yyy •  XXX •  Thesnake •  JKJK •  Yuen","Chinese Team",2
"Team Pinnacle","Longqi •  BoWen •  Hook •  zzy •  Lover11 •  Yolanda •  XuanLv •  Bafang","Chinese Team",2
"Team WE","Biubiu •  View •  honey •  Shanks •  xiye •  Xing •  Stay •  Kedaya •  Teacherma","Chinese Team",2
"WE Academy","Coten •  demon •  Yanxiang •  xqw •  yhp •  Hungry •  xiaohai •  Mercury •  rainy","Chinese Team",2
"TT Gaming","New •  Chieftain •  UCAL •  Puff •  Southwind •  Chelizi •  frigid •  yaoyao •  Patch","Chinese Team",2
"TT Young","juejuezi •  xiao7 •  Sky •  Captain •  guigui •  Mmy •  chips","Chinese Team",2
"Titan Catipay","No Roster Avalable","Chinese Team",2
"Top Esports","Wayward •  Zoom •  Tian •  Xiaopeng •  Knight •  JackeyLove •  Mark •  Zhuo •  Qingtian","Chinese Team",2
"TES Challenger","Aspire •  eight •  Naruto •  10ng •  Cerasus •  Niket","Chinese Team",2
"TWELVE","TT •  xjx •  chenshao •  xlx •  Citrus9 •  Guojia •  yiyi •  lyy •  eqq","Chinese Team",2
"Ultra Prime","Aliez •  zs •  H4cker •  Cryin •  Elk •  ShiauC •  kelin","Chinese Team",2
"UP Academy","Sleepy •  whisper •  yekai •  xiaocaobao •  rat •  Miaoniu •  ZYF","Chinese Team",2
"V5 87","Invincible •  pzx •  xHun •  Dream •  Kepler •  xLiang •  Today •  Jerry","Chinese Team",2
"Victory Five","Rich •  Karsa •  XLB •  Rookie •  Photic •  ppgod","Chinese Team",2
"Weibo Gaming","TheShy •  SofM •  Angel •  huanfeng •  SwordArt •  ON","Chinese Team",2
"WBG Youth Team","Decade •  Maggie •  forse •  freey •  Shark •  Assum •  Cygood •  Wuy","Chinese Team",2
"Young Miracles","Sheng •  xiaoyueban •  Beijixing •  Heng •  caipuxin •  Marzss •  Shaoye •  GWind •  Yan","Chinese Team",2
"CNB Infinity","Guti1","Brazilian Team",1
"Falkol Storm","Sidera •  Closer •  Raposa •  Matzera •  Lwz •  Turibulus","Brazilian Team",1
"Flamengo Academy","SuperCleber •  Ancrath •  lynkez •  kksh •  Bounty","Brazilian Team",1
"Flamengo Esports","Mito •  Boal •  Sting •  Asta •  Tutsz •  flare •  Gyeong •  Kuri","Brazilian Team",1
"FURIA Academy","Zemnas •  Goot •  Elicit •  Improve •  z4y •  Stiner •  Fuuu","Brazilian Team",1
"FURIA Esports","fNb •  Ranger •  Envy •  Netuno •  RedBert","Brazilian Team",1
"INTZ","Tyrin •  Yampi •  Kick •  Muja •  micaO","Brazilian Team",1
"INTZ Academy","Hidan •  Soweto •  Hanor •  Juzo •  Woodboy •  Yuki","Brazilian Team",1
"KaBuM Academy","Bankai •  scary •  Dioge •  Titeito •  Stepz •  Stankie •  Guigs","Brazilian Team",1
"KaBuM eSports","Parang •  Wiz •  Hauz •  Disave •  Scuro","Brazilian Team",1
"Liberty","Kiari •  Disamis •  Krastyel •  Matsukaze •  Wos","Brazilian Team",1
"Liberty Academy","Yupps •  SkB •  Drake •  Washin •  Thunder •  Ravenzin •  Cavalo •  scamber","Brazilian Team",1
"LOUD","Robo •  Tay •  tinowns •  DudsTheBoy •  Ceos","Brazilian Team",1
"LOUD Academy","Makes •  enel1 •  Samkz •  Aithusa •  Brance •  Miss •  Vahvel","Brazilian Team",1
"Netshoes Miners","DoRun •  Croc •  Anyyy •  Celo •  Hawk","Brazilian Team",1
"Miners Academy","Reversed •  Small •  Hugato •  Ari •  Piloto •  Drop •  Raiden •  Lawi •  Griba","Brazilian Team",1
"paiN Gaming","Wizer •  Cariok •  dyNquedo •  brTT •  Trigo •  Damage","Brazilian Team",1
"paiN Academy","SkyBart •  Accez •  Qats •  Blacky •  Juliera •  griff •  ProDelta","Brazilian Team",1
"RED Academy","Nin •  Promise •  Luuukz •  NiT Cesar •  Neephesto •  LLKO •  jime •  sorahed •  Telas","Brazilian Team",1
"RED Canids","Betão •  Guigo •  Aegis •  Grevthar •  Avenger •  TitaN •  Jojo","Brazilian Team",1
"Rensga Academy","LRK •  Mousty •  Marfz •  Devourer","Brazilian Team",1
"Rensga Esports","Edger •  Trap •  Minerva •  Goku •  NinjaKiwi •  Mocha","Brazilian Team",1
"Black Star Gaming","Romuka •  Vakulich •  Get Lost •  Kenal •  Jestkui Max","CIS Team",3
"CrowCrowd","T1moha •  antik •  bmj","CIS Team",3
"CTRL PLAY","Shin •  BullyMaguire •  Maxim •  Valhalla •  CblpHuK •  Sênbônzakura •  Yur4ik •  Tezaret","CIS Team",3
"Dragon Army","Balkane •  Miracle •  Lunarage","CIS Team",3
"Future Perfect","MexanikCH •  Medved ede •  Laynel •  Smailord •  Traffy","CIS Team",3
"Moscow Five","No Roster Avalable","CIS Team",3
"Team Spirit","Dreampull •  Diamondprox •  Griffon •  Mytant •  Edward","CIS Team",3
"Unicorns of Love","NoNHoly •  Don Arts •  Phlaty •  Shiganari •  Lekcyc","CIS Team",3
"Vaevictis eSports","PowerToyZ •  Trianna  (Support/Manager)","CIS Team",3
"Vega Squadron","Gimliques •  TsarCanya •  Articuna •  The Cemen •  Laatch •  Tristesse","CIS Team",3
"AXIZ","YellowYoshi •  Swamp •  Megumiin •  Sangchu •  Dicey •  tol2 •  Nolisio •  Ozuka","Japanese Team",5
"AXIZ Academy","tol2 •  Mutton •  nolisio •  Dicey","Japanese Team",5
"Burning Core","RayFarky •  Flawless •  Dice •  Yuhi •  Fujimoto •  Deant •  L0SER","Japanese Team",5
"Crest Gaming Act","Nap •  Bigshot •  Kaito •  HyBriD •  Nemoh •  Momo •  Funahwi •  Kakkun •  Milan •  Primo","Japanese Team",5
"CGA Academy","Momo •  Funahwi •  Kakkun •  Milan •  Primo","Japanese Team",5
"DetonatioN FM","Evi •  Steal •  Yaharong •  Yutapon •  Harp •  Marimo","Japanese Team",5
"DFM Academy","Nesuty •  Marimo","Japanese Team",5
"SoftBank HAWKS","Kinatu •  Blank •  Dasher •  Marble •  Raina •  HowLa","Japanese Team",5
"SHG Academy","ankochan •  Wasteland •  HowLa •  Charley","Japanese Team",5
"Rascal Jester","Ino •  hachamecha •  Recap •  Ssol •  Secret •  R1ngoKun •  Tatsu •  GASENT •  Sirotama •  Shakespeare","Japanese Team",5
"RJ Academy","Sirotama •  Shakespeare","Japanese Team",5
"Sengoku Gaming","Paz •  Once •  Jett •  Honey •  Enty •  Ricky •  Popon •  Akainu •  NaiNa •  chilioil","Japanese Team",5
"SG Academy","Acciy •  Akainu •  NaiNa •  chilioil","Japanese Team",5
"V3 Esports","Washiday •  Yunika •  Eugeo •  dresscode •  Hetel •  Pon •  Curep •  rre •  ezman •  Laxy","Japanese Team",5
"V3 Academy","van •  ezman","Japanese Team",5
"9z Team","Burrito •  Naz •  Agustin17 •  Hika •  Tufi •  Sang","Latin American",6
"AceS GaminG","Rhal •  Nuclex •  Neith •  Senshi •  Brio","Latin American",6
"AGD ESports","Hater •  KINGPOWER •  Joinlav •  Gelvic •  Huevo Frito •  Sir Fate","Latin American",6
"All Knights","Zothve •  Skeeto •  Crash •  Leza •  Alive •  Pancake •  Baula","Latin American",6
"Arctic Mexico","Steellar •  Chente •  Fayonix •  Hades •  Hierro •  Betosky","Latin American",6
"Atheris Esports","Mayhem •  Zerkxz •  Demy •  Shintalx","Latin American",6
"Atomic México","Gonti •  LiquidDiego •  Kyoto •  Shaka •  Manuelcap •  Allerz","Latin American",6
"Aurelius Esports","Uprising •  Acerola •  Kobrq •  Bola •  Tyr •  Sun Tiger","Latin American",6
"Awake Gaming","Junder •  Saya •  Master Jos •  lll •  Yuk •  Dirss","Latin American",6
"Azules Academy","No Roster Avalable","Latin American",6
"Bandits Gaming","Lance •  Kazuo •  Rein •  Mime •  Hannah •  CougarDai","Latin American",6
"Beast Esports","ElBenSmurf •  Zutter •  Chucknight •  Drev •  Ariezu","Latin American",6
"Boca Juniors","Chordy •  dnt","Latin American",6
"Braves Rising","Kantoshi •  Athyz •  Melkior •  Patrick •  Gary","Latin American",6
"Cattleya Gaming","Grimma","Latin American",6
"Cienciano Esports","LukasNegro •  Maver •  Jealow •  Hoka •  Pyro","Latin American",6
"Deportivo Municipal","Leocich •  Janghy •  Terco •  Snoopy •  Skanito •  ElOjoInka •  Prichell","Latin American",6
"Cruzados Esports","IceBox","Latin American",6
"Da Dancing Demons","Galileo •  Kasamura •  Nips •  Fate in Blood","Latin American",6
"Dark Horse","KearZy •  Perro •  Luco •  Charlie","Latin American",6
"Dark Quality","Ron •  El Mapachurro •  Nashery •  TheGunsOfFortune •  Confytura •  Yadagon","Latin American",6
"Deliverance Esports","Niquel •  Sazz •  Demonmix •  Jtoru","Latin American",6
"Deliverance Peru","Diegorzz •  Reiner •  Lefty •  1Bicho","Latin American",6
"Descuydado Esports","Kerfa •  iFrix •  Shieldworm •  Xpontaneous •  Davo •  Ayeye","Latin American",6
"Diamond Doves","JuanDeDios •  Piu Piu •  AdrYh •  HarryLaCru •  Khael","Latin American",6
"EBRO","Akunma •  Ocean •  TomnaM •  Nottingham •  Nameless •  Fateware","Latin American",6
"ELR Gaming","Lara •  Tiansito •  Luckie •  JK •  Melvin •  Ohtori","Latin American",6
"Estral Esports","Acce •  Lyg","Latin American",6
"Exilium Gaming","JISKRA","Latin American",6
"Fantasy Gaming","Scar Hope •  Kram •  San •  Nou •  LupinoBate •  FreeSoul","Latin American",6
"Fuego","Ravey •  Mega •  Blackengel •  Shade •  Whiplash","Latin American",6
"Furious Gaming","Kartana •  Emp •  Viciun •  Feitan","Latin American",6
"GeekSide Esports","Therru •  Sunriser •  Roket •  Rastafari •  Macucho •  Nightfall •  Wamdejo","Latin American",6
"Globant Emerald","Nate •  Warangelus •  Plugo •  WhiteLotus •  Newbie","Latin American",6
"Gods Plan","Raél •  CaTzzz •  Toes","Latin American",6
"Gravity Elite","JTL •  Blind Walker •  Godles •  Zlekt","Latin American",6
"Hooked Esports","Rexus •  Mistt •  Bl0oMi •  BitterBit •  Bojji •  Cezz  (Sports Director/Support)","Latin American",6
"Incubus","Ceviche •  Cebolla •  Souta","Latin American",6
"INFINITY","Jauny •  Brayaron •  SolidSnake •  Cody •  Snaker •  Kz •  Ackerman","Latin American",6
"Instinct Gaming","1Cs •  Dinastik •  Xamex •  Joma","Latin American",6
"Isurus","ADD •  Seiya •  Gavotto •  Jelly •  Flare","Latin American",6
"Janus Esports","HAKA •  Jean •  Ballack •  FxZ","Latin American",6
"KLG Academy","Baby Upset •  1Lee","Latin American",6
"King of Goats","Astronyx","Latin American",6
"Kings of the North","Dune •  Osito Felpuwu •  Ballack •  Gnetic •  Kaldalis","Latin American",6
"KRÜ Esports","Seeker •  Style •  Kiefer •  Lac •  IgnaVilu1","Latin American",6
"Leviatan Esports","Buggax •  Pancake •  TopLop •  Nothing •  Lyonz","Latin American",6
"Leviatan Chile","Baltica •  Tinchoxar","Latin American",6
"Luxor Gaming","Qkel •  Foxy •  Don Jose","Latin American",6
"Mad Kings","deathleap •  EstebanPa •  WilBR •  Zeldris •  Tiki Astral •  Yagami","Latin American",6
"Mad Revolution","Kanitouh •  Night Fúry •  Chuflex •  Arqi •  Foryax •  Greety •  TeeoG •  IvaNovich","Latin American",6
"Malvinas Gaming","Scrappy •  SryNotSry •  Fersito •  Nekhazten •  Magico","Latin American",6
"Mayan Esports","Pinky •  Saeko •  Araque •  Barry •  Melocotón •  Lenpace •  Orion","Latin American",6
"Meta Gaming","Emets •  Duivel •  Funky Dog •  Snottie","Latin American",6
"Movistar Optix","Shookz •  KreshtDoo •  Marito","Latin American",6
"Newstar","Brianthees •  Xeydon","Latin American",6
"NOCTA","Stibi •  Raydell •  Pelirrojo •  Gabenx •  Dreseul •  Kofla","Latin American",6
"Once Caldas Esports","Cristonex •  Kanz •  Aquiles •  AraaGor •  Asdrick •  Asterik","Latin American",6
"Pampas","Izaenk •  Follow •  Enga •  Kindless •  QQMore •  Kumew •  Kbstible","Latin American",6
"PÊEK Gaming","Sander •  Symebo •  Loers •  MrMemox •  BetaTwinz •  Cesar","Latin American",6
"Pirate Dream","vins •  Feng •  Binky •  Zaetoz •  Sofia •  Rex","Latin American",6
"Psykodelic Esports","Andresu •  Covi •  Mata •  Maick","Latin American",6
"Rainbow7","SoHwan •  Oddie •  Cepted •  Ceo •  Slow •  Daiky","Latin American",6
"Rebirth eSports","Arfyss •  Funky Dog •  Cosmoz •  GunPoint •  Gralou •  1Defu","Latin American",6
"Red Rooster Team","Merciful •  Andathy •  Quasar •  FREDEAD •  Orange •  Kot •  Lustboy","Latin American",6
"Respawn Esports","Tilt","Latin American",6
"River Plate","Aquasonic •  Dandy","Latin American",6
"Saprissa Esports","Putin •  Chiu •  Ganks •  Xuradel •  Renn •  MadBlade","Latin American",6
"Six Karma","Nipphu •  DrLemon •  Icytower •  Letras •  Lyng","Latin American",6
"Skull Cracker","Abyss •  Xmy","Latin American",6
"Spectacled Bears","Note","Latin American",6
"Spirituals","Abscense •  Guzke •  Kitin •  Stealth •  IRuby","Latin American",6
"Stone Movistar","Why Not","Latin American",6
"TAB","Logan •  Haltz •  Taco","Latin American",6
"Team Aze","Lonely •  Dimitry •  Aloned •  5kid •  Straight •  Shu Hari","Latin American",6
"Team Quetzal","No Roster Avalable","Latin American",6
"The Kings","Destroy •  Mataz •  Rainbow •  Limitationss •  NerzhuL •  Chukaritas •  Santi •  Midalia •  VirusFx •  Mun","Latin American",6
"Tomorrow Esports","Marth •  Chikitow •  LLSkyLL •  Alann •  Meteoro •  Sight","Latin American",6
"Undead Gaming","Strange •  Pyl •  Aders","Latin American",6
"UC Esports","No Roster Avalable","Latin American",6
"Vandals Esports","K Cho •  Emarlin •  Nuggles •  Johan Love •  Spidy","Latin American",6
"Vipers","Bazu •  2Night •  Aaron •  Doosu •  Choisix","Latin American",6
"Waia Snikt","Joxardo •  No One •  Nishkyu •  Toradora","Latin American",6
"WAP Esports","Sydux •  OneSECOND •  Encounters","Latin American",6
"XTEN Esports","Zerito •  Seize •  Keine","Latin American",6
"Zeu5 Bogota","Keii •  UnicornG •  Zelt •  Hobbler •  Ichiwin •  MrProxi","Latin American",6
"Zylant Esports","Pillo •  Slayer •  Vares •  Zeypher •  Messi •  Ankichi","Latin American",6
"9z Team","Burrito •  Naz •  Agustin17 •  Hika •  Tufi •  Sang","Oceanic Team",8
"AceS GaminG","Rhal •  Nuclex •  Neith •  Senshi •  Brio","Oceanic Team",8
"AGD ESports","Hater •  KINGPOWER •  Joinlav •  Gelvic •  Huevo Frito •  Sir Fate","Oceanic Team",8
"All Knights","Zothve •  Skeeto •  Crash •  Leza •  Alive •  Pancake •  Baula","Oceanic Team",8
"Arctic Mexico","Steellar •  Chente •  Fayonix •  Hades •  Hierro •  Betosky","Oceanic Team",8
"Atheris Esports","Mayhem •  Zerkxz •  Demy •  Shintalx","Oceanic Team",8
"Atomic México","Gonti •  LiquidDiego •  Kyoto •  Shaka •  Manuelcap •  Allerz","Oceanic Team",8
"Aurelius Esports","Uprising •  Acerola •  Kobrq •  Bola •  Tyr •  Sun Tiger","Oceanic Team",8
"Awake Gaming","Junder •  Saya •  Master Jos •  lll •  Yuk •  Dirss","Oceanic Team",8
"Azules Academy","No Roster Avalable","Oceanic Team",8
"Bandits Gaming","Lance •  Kazuo •  Rein •  Mime •  Hannah •  CougarDai","Oceanic Team",8
"Beast Esports","ElBenSmurf •  Zutter •  Chucknight •  Drev •  Ariezu","Oceanic Team",8
"Boca Juniors","Chordy •  dnt","Oceanic Team",8
"Braves Rising","Kantoshi •  Athyz •  Melkior •  Patrick •  Gary","Oceanic Team",8
"Cattleya Gaming","Grimma","Oceanic Team",8
"Cienciano Esports","LukasNegro •  Maver •  Jealow •  Hoka •  Pyro","Oceanic Team",8
"Deportivo Municipal","Leocich •  Janghy •  Terco •  Snoopy •  Skanito •  ElOjoInka •  Prichell","Oceanic Team",8
"Cruzados Esports","IceBox","Oceanic Team",8
"Da Dancing Demons","Galileo •  Kasamura •  Nips •  Fate in Blood","Oceanic Team",8
"Dark Horse","KearZy •  Perro •  Luco •  Charlie","Oceanic Team",8
"Dark Quality","Ron •  El Mapachurro •  Nashery •  TheGunsOfFortune •  Confytura •  Yadagon","Oceanic Team",8
"Deliverance Esports","Niquel •  Sazz •  Demonmix •  Jtoru","Oceanic Team",8
"Deliverance Peru","Diegorzz •  Reiner •  Lefty •  1Bicho","Oceanic Team",8
"Descuydado Esports","Kerfa •  iFrix •  Shieldworm •  Xpontaneous •  Davo •  Ayeye","Oceanic Team",8
"Diamond Doves","JuanDeDios •  Piu Piu •  AdrYh •  HarryLaCru •  Khael","Oceanic Team",8
"EBRO","Akunma •  Ocean •  TomnaM •  Nottingham •  Nameless •  Fateware","Oceanic Team",8
"ELR Gaming","Lara •  Tiansito •  Luckie •  JK •  Melvin •  Ohtori","Oceanic Team",8
"Estral Esports","Acce •  Lyg","Oceanic Team",8
"Exilium Gaming","JISKRA","Oceanic Team",8
"Fantasy Gaming","Scar Hope •  Kram •  San •  Nou •  LupinoBate •  FreeSoul","Oceanic Team",8
"Fuego","Ravey •  Mega •  Blackengel •  Shade •  Whiplash","Oceanic Team",8
"Furious Gaming","Kartana •  Emp •  Viciun •  Feitan","Oceanic Team",8
"GeekSide Esports","Therru •  Sunriser •  Roket •  Rastafari •  Macucho •  Nightfall •  Wamdejo","Oceanic Team",8
"Globant Emerald","Nate •  Warangelus •  Plugo •  WhiteLotus •  Newbie","Oceanic Team",8
"Gods Plan","Raél •  CaTzzz •  Toes","Oceanic Team",8
"Gravity Elite","JTL •  Blind Walker •  Godles •  Zlekt","Oceanic Team",8
"Hooked Esports","Rexus •  Mistt •  Bl0oMi •  BitterBit •  Bojji •  Cezz  (Sports Director/Support)","Oceanic Team",8
"Incubus","Ceviche •  Cebolla •  Souta","Oceanic Team",8
"INFINITY","Jauny •  Brayaron •  SolidSnake •  Cody •  Snaker •  Kz •  Ackerman","Oceanic Team",8
"Instinct Gaming","1Cs •  Dinastik •  Xamex •  Joma","Oceanic Team",8
"Isurus","ADD •  Seiya •  Gavotto •  Jelly •  Flare","Oceanic Team",8
"Janus Esports","HAKA •  Jean •  Ballack •  FxZ","Oceanic Team",8
"KLG Academy","Baby Upset •  1Lee","Oceanic Team",8
"King of Goats","Astronyx","Oceanic Team",8
"Kings of the North","Dune •  Osito Felpuwu •  Ballack •  Gnetic •  Kaldalis","Oceanic Team",8
"KRÜ Esports","Seeker •  Style •  Kiefer •  Lac •  IgnaVilu1","Oceanic Team",8
"Leviatan Esports","Buggax •  Pancake •  TopLop •  Nothing •  Lyonz","Oceanic Team",8
"Leviatan Chile","Baltica •  Tinchoxar","Oceanic Team",8
"Luxor Gaming","Qkel •  Foxy •  Don Jose","Oceanic Team",8
"Mad Kings","deathleap •  EstebanPa •  WilBR •  Zeldris •  Tiki Astral •  Yagami","Oceanic Team",8
"Mad Revolution","Kanitouh •  Night Fúry •  Chuflex •  Arqi •  Foryax •  Greety •  TeeoG •  IvaNovich","Oceanic Team",8
"Malvinas Gaming","Scrappy •  SryNotSry •  Fersito •  Nekhazten •  Magico","Oceanic Team",8
"Mayan Esports","Pinky •  Saeko •  Araque •  Barry •  Melocotón •  Lenpace •  Orion","Oceanic Team",8
"Meta Gaming","Emets •  Duivel •  Funky Dog •  Snottie","Oceanic Team",8
"Movistar Optix","Shookz •  KreshtDoo •  Marito","Oceanic Team",8
"Newstar","Brianthees •  Xeydon","Oceanic Team",8
"NOCTA","Stibi •  Raydell •  Pelirrojo •  Gabenx •  Dreseul •  Kofla","Oceanic Team",8
"Once Caldas Esports","Cristonex •  Kanz •  Aquiles •  AraaGor •  Asdrick •  Asterik","Oceanic Team",8
"Pampas","Izaenk •  Follow •  Enga •  Kindless •  QQMore •  Kumew •  Kbstible","Oceanic Team",8
"PÊEK Gaming","Sander •  Symebo •  Loers •  MrMemox •  BetaTwinz •  Cesar","Oceanic Team",8
"Pirate Dream","vins •  Feng •  Binky •  Zaetoz •  Sofia •  Rex","Oceanic Team",8
"Psykodelic Esports","Andresu •  Covi •  Mata •  Maick","Oceanic Team",8
"Rainbow7","SoHwan •  Oddie •  Cepted •  Ceo •  Slow •  Daiky","Oceanic Team",8
"Rebirth eSports","Arfyss •  Funky Dog •  Cosmoz •  GunPoint •  Gralou •  1Defu","Oceanic Team",8
"Red Rooster Team","Merciful •  Andathy •  Quasar •  FREDEAD •  Orange •  Kot •  Lustboy","Oceanic Team",8
"Respawn Esports","Tilt","Oceanic Team",8
"River Plate","Aquasonic •  Dandy","Oceanic Team",8
"Saprissa Esports","Putin •  Chiu •  Ganks •  Xuradel •  Renn •  MadBlade","Oceanic Team",8
"Six Karma","Nipphu •  DrLemon •  Icytower •  Letras •  Lyng","Oceanic Team",8
"Skull Cracker","Abyss •  Xmy","Oceanic Team",8
"Spectacled Bears","Note","Oceanic Team",8
"Spirituals","Abscense •  Guzke •  Kitin •  Stealth •  IRuby","Oceanic Team",8
"Stone Movistar","Why Not","Oceanic Team",8
"TAB","Logan •  Haltz •  Taco","Oceanic Team",8
"Team Aze","Lonely •  Dimitry •  Aloned •  5kid •  Straight •  Shu Hari","Oceanic Team",8
"Team Quetzal","No Roster Avalable","Oceanic Team",8
"The Kings","Destroy •  Mataz •  Rainbow •  Limitationss •  NerzhuL •  Chukaritas •  Santi •  Midalia •  VirusFx •  Mun","Oceanic Team",8
"Tomorrow Esports","Marth •  Chikitow •  LLSkyLL •  Alann •  Meteoro •  Sight","Oceanic Team",8
"Undead Gaming","Strange •  Pyl •  Aders","Oceanic Team",8
"UC Esports","No Roster Avalable","Oceanic Team",8
"Vandals Esports","K Cho •  Emarlin •  Nuggles •  Johan Love •  Spidy","Oceanic Team",8
"Vipers","Bazu •  2Night •  Aaron •  Doosu •  Choisix","Oceanic Team",8
"Waia Snikt","Joxardo •  No One •  Nishkyu •  Toradora","Oceanic Team",8
"WAP Esports","Sydux •  OneSECOND •  Encounters","Oceanic Team",8
"XTEN Esports","Zerito •  Seize •  Keine","Oceanic Team",8
"Zeu5 Bogota","Keii •  UnicornG •  Zelt •  Hobbler •  Ichiwin •  MrProxi","Oceanic Team",8
"Zylant Esports","Pillo •  Slayer •  Vares •  Zeypher •  Messi •  Ankichi","Oceanic Team",8
"9z Team","Burrito •  Naz •  Agustin17 •  Hika •  Tufi •  Sang","PCS Team",9
"AceS GaminG","Rhal •  Nuclex •  Neith •  Senshi •  Brio","PCS Team",9
"AGD ESports","Hater •  KINGPOWER •  Joinlav •  Gelvic •  Huevo Frito •  Sir Fate","PCS Team",9
"All Knights","Zothve •  Skeeto •  Crash •  Leza •  Alive •  Pancake •  Baula","PCS Team",9
"Arctic Mexico","Steellar •  Chente •  Fayonix •  Hades •  Hierro •  Betosky","PCS Team",9
"Atheris Esports","Mayhem •  Zerkxz •  Demy •  Shintalx","PCS Team",9
"Atomic México","Gonti •  LiquidDiego •  Kyoto •  Shaka •  Manuelcap •  Allerz","PCS Team",9
"Aurelius Esports","Uprising •  Acerola •  Kobrq •  Bola •  Tyr •  Sun Tiger","PCS Team",9
"Awake Gaming","Junder •  Saya •  Master Jos •  lll •  Yuk •  Dirss","PCS Team",9
"Azules Academy","No Roster Avalable","PCS Team",9
"Bandits Gaming","Lance •  Kazuo •  Rein •  Mime •  Hannah •  CougarDai","PCS Team",9
"Beast Esports","ElBenSmurf •  Zutter •  Chucknight •  Drev •  Ariezu","PCS Team",9
"Boca Juniors","Chordy •  dnt","PCS Team",9
"Braves Rising","Kantoshi •  Athyz •  Melkior •  Patrick •  Gary","PCS Team",9
"Cattleya Gaming","Grimma","PCS Team",9
"Cienciano Esports","LukasNegro •  Maver •  Jealow •  Hoka •  Pyro","PCS Team",9
"Deportivo Municipal","Leocich •  Janghy •  Terco •  Snoopy •  Skanito •  ElOjoInka •  Prichell","PCS Team",9
"Cruzados Esports","IceBox","PCS Team",9
"Da Dancing Demons","Galileo •  Kasamura •  Nips •  Fate in Blood","PCS Team",9
"Dark Horse","KearZy •  Perro •  Luco •  Charlie","PCS Team",9
"Dark Quality","Ron •  El Mapachurro •  Nashery •  TheGunsOfFortune •  Confytura •  Yadagon","PCS Team",9
"Deliverance Esports","Niquel •  Sazz •  Demonmix •  Jtoru","PCS Team",9
"Deliverance Peru","Diegorzz •  Reiner •  Lefty •  1Bicho","PCS Team",9
"Descuydado Esports","Kerfa •  iFrix •  Shieldworm •  Xpontaneous •  Davo •  Ayeye","PCS Team",9
"Diamond Doves","JuanDeDios •  Piu Piu •  AdrYh •  HarryLaCru •  Khael","PCS Team",9
"EBRO","Akunma •  Ocean •  TomnaM •  Nottingham •  Nameless •  Fateware","PCS Team",9
"ELR Gaming","Lara •  Tiansito •  Luckie •  JK •  Melvin •  Ohtori","PCS Team",9
"Estral Esports","Acce •  Lyg","PCS Team",9
"Exilium Gaming","JISKRA","PCS Team",9
"Fantasy Gaming","Scar Hope •  Kram •  San •  Nou •  LupinoBate •  FreeSoul","PCS Team",9
"Fuego","Ravey •  Mega •  Blackengel •  Shade •  Whiplash","PCS Team",9
"Furious Gaming","Kartana •  Emp •  Viciun •  Feitan","PCS Team",9
"GeekSide Esports","Therru •  Sunriser •  Roket •  Rastafari •  Macucho •  Nightfall •  Wamdejo","PCS Team",9
"Globant Emerald","Nate •  Warangelus •  Plugo •  WhiteLotus •  Newbie","PCS Team",9
"Gods Plan","Raél •  CaTzzz •  Toes","PCS Team",9
"Gravity Elite","JTL •  Blind Walker •  Godles •  Zlekt","PCS Team",9
"Hooked Esports","Rexus •  Mistt •  Bl0oMi •  BitterBit •  Bojji •  Cezz  (Sports Director/Support)","PCS Team",9
"Incubus","Ceviche •  Cebolla •  Souta","PCS Team",9
"INFINITY","Jauny •  Brayaron •  SolidSnake •  Cody •  Snaker •  Kz •  Ackerman","PCS Team",9
"Instinct Gaming","1Cs •  Dinastik •  Xamex •  Joma","PCS Team",9
"Isurus","ADD •  Seiya •  Gavotto •  Jelly •  Flare","PCS Team",9
"Janus Esports","HAKA •  Jean •  Ballack •  FxZ","PCS Team",9
"KLG Academy","Baby Upset •  1Lee","PCS Team",9
"King of Goats","Astronyx","PCS Team",9
"Kings of the North","Dune •  Osito Felpuwu •  Ballack •  Gnetic •  Kaldalis","PCS Team",9
"KRÜ Esports","Seeker •  Style •  Kiefer •  Lac •  IgnaVilu1","PCS Team",9
"Leviatan Esports","Buggax •  Pancake •  TopLop •  Nothing •  Lyonz","PCS Team",9
"Leviatan Chile","Baltica •  Tinchoxar","PCS Team",9
"Luxor Gaming","Qkel •  Foxy •  Don Jose","PCS Team",9
"Mad Kings","deathleap •  EstebanPa •  WilBR •  Zeldris •  Tiki Astral •  Yagami","PCS Team",9
"Mad Revolution","Kanitouh •  Night Fúry •  Chuflex •  Arqi •  Foryax •  Greety •  TeeoG •  IvaNovich","PCS Team",9
"Malvinas Gaming","Scrappy •  SryNotSry •  Fersito •  Nekhazten •  Magico","PCS Team",9
"Mayan Esports","Pinky •  Saeko •  Araque •  Barry •  Melocotón •  Lenpace •  Orion","PCS Team",9
"Meta Gaming","Emets •  Duivel •  Funky Dog •  Snottie","PCS Team",9
"Movistar Optix","Shookz •  KreshtDoo •  Marito","PCS Team",9
"Newstar","Brianthees •  Xeydon","PCS Team",9
"NOCTA","Stibi •  Raydell •  Pelirrojo •  Gabenx •  Dreseul •  Kofla","PCS Team",9
"Once Caldas Esports","Cristonex •  Kanz •  Aquiles •  AraaGor •  Asdrick •  Asterik","PCS Team",9
"Pampas","Izaenk •  Follow •  Enga •  Kindless •  QQMore •  Kumew •  Kbstible","PCS Team",9
"PÊEK Gaming","Sander •  Symebo •  Loers •  MrMemox •  BetaTwinz •  Cesar","PCS Team",9
"Pirate Dream","vins •  Feng •  Binky •  Zaetoz •  Sofia •  Rex","PCS Team",9
"Psykodelic Esports","Andresu •  Covi •  Mata •  Maick","PCS Team",9
"Rainbow7","SoHwan •  Oddie •  Cepted •  Ceo •  Slow •  Daiky","PCS Team",9
"Rebirth eSports","Arfyss •  Funky Dog •  Cosmoz •  GunPoint •  Gralou •  1Defu","PCS Team",9
"Red Rooster Team","Merciful •  Andathy •  Quasar •  FREDEAD •  Orange •  Kot •  Lustboy","PCS Team",9
"Respawn Esports","Tilt","PCS Team",9
"River Plate","Aquasonic •  Dandy","PCS Team",9
"Saprissa Esports","Putin •  Chiu •  Ganks •  Xuradel •  Renn •  MadBlade","PCS Team",9
"Six Karma","Nipphu •  DrLemon •  Icytower •  Letras •  Lyng","PCS Team",9
"Skull Cracker","Abyss •  Xmy","PCS Team",9
"Spectacled Bears","Note","PCS Team",9
"Spirituals","Abscense •  Guzke •  Kitin •  Stealth •  IRuby","PCS Team",9
"Stone Movistar","Why Not","PCS Team",9
"TAB","Logan •  Haltz •  Taco","PCS Team",9
"Team Aze","Lonely •  Dimitry •  Aloned •  5kid •  Straight •  Shu Hari","PCS Team",9
"Team Quetzal","No Roster Avalable","PCS Team",9
"The Kings","Destroy •  Mataz •  Rainbow •  Limitationss •  NerzhuL •  Chukaritas •  Santi •  Midalia •  VirusFx •  Mun","PCS Team",9
"Tomorrow Esports","Marth •  Chikitow •  LLSkyLL •  Alann •  Meteoro •  Sight","PCS Team",9
"Undead Gaming","Strange •  Pyl •  Aders","PCS Team",9
"UC Esports","No Roster Avalable","PCS Team",9
"Vandals Esports","K Cho •  Emarlin •  Nuggles •  Johan Love •  Spidy","PCS Team",9
"Vipers","Bazu •  2Night •  Aaron •  Doosu •  Choisix","PCS Team",9
"Waia Snikt","Joxardo •  No One •  Nishkyu •  Toradora","PCS Team",9
"WAP Esports","Sydux •  OneSECOND •  Encounters","PCS Team",9
"XTEN Esports","Zerito •  Seize •  Keine","PCS Team",9
"Zeu5 Bogota","Keii •  UnicornG •  Zelt •  Hobbler •  Ichiwin •  MrProxi","PCS Team",9
"Zylant Esports","Pillo •  Slayer •  Vares •  Zeypher •  Messi •  Ankichi","PCS Team",9
"9z Team","Burrito •  Naz •  Agustin17 •  Hika •  Tufi •  Sang","Turkish Team",10
"AceS GaminG","Rhal •  Nuclex •  Neith •  Senshi •  Brio","Turkish Team",10
"AGD ESports","Hater •  KINGPOWER •  Joinlav •  Gelvic •  Huevo Frito •  Sir Fate","Turkish Team",10
"All Knights","Zothve •  Skeeto •  Crash •  Leza •  Alive •  Pancake •  Baula","Turkish Team",10
"Arctic Mexico","Steellar •  Chente •  Fayonix •  Hades •  Hierro •  Betosky","Turkish Team",10
"Atheris Esports","Mayhem •  Zerkxz •  Demy •  Shintalx","Turkish Team",10
"Atomic México","Gonti •  LiquidDiego •  Kyoto •  Shaka •  Manuelcap •  Allerz","Turkish Team",10
"Aurelius Esports","Uprising •  Acerola •  Kobrq •  Bola •  Tyr •  Sun Tiger","Turkish Team",10
"Awake Gaming","Junder •  Saya •  Master Jos •  lll •  Yuk •  Dirss","Turkish Team",10
"Azules Academy","No Roster Avalable","Turkish Team",10
"Bandits Gaming","Lance •  Kazuo •  Rein •  Mime •  Hannah •  CougarDai","Turkish Team",10
"Beast Esports","ElBenSmurf •  Zutter •  Chucknight •  Drev •  Ariezu","Turkish Team",10
"Boca Juniors","Chordy •  dnt","Turkish Team",10
"Braves Rising","Kantoshi •  Athyz •  Melkior •  Patrick •  Gary","Turkish Team",10
"Cattleya Gaming","Grimma","Turkish Team",10
"Cienciano Esports","LukasNegro •  Maver •  Jealow •  Hoka •  Pyro","Turkish Team",10
"Deportivo Municipal","Leocich •  Janghy •  Terco •  Snoopy •  Skanito •  ElOjoInka •  Prichell","Turkish Team",10
"Cruzados Esports","IceBox","Turkish Team",10
"Da Dancing Demons","Galileo •  Kasamura •  Nips •  Fate in Blood","Turkish Team",10
"Dark Horse","KearZy •  Perro •  Luco •  Charlie","Turkish Team",10
"Dark Quality","Ron •  El Mapachurro •  Nashery •  TheGunsOfFortune •  Confytura •  Yadagon","Turkish Team",10
"Deliverance Esports","Niquel •  Sazz •  Demonmix •  Jtoru","Turkish Team",10
"Deliverance Peru","Diegorzz •  Reiner •  Lefty •  1Bicho","Turkish Team",10
"Descuydado Esports","Kerfa •  iFrix •  Shieldworm •  Xpontaneous •  Davo •  Ayeye","Turkish Team",10
"Diamond Doves","JuanDeDios •  Piu Piu •  AdrYh •  HarryLaCru •  Khael","Turkish Team",10
"EBRO","Akunma •  Ocean •  TomnaM •  Nottingham •  Nameless •  Fateware","Turkish Team",10
"ELR Gaming","Lara •  Tiansito •  Luckie •  JK •  Melvin •  Ohtori","Turkish Team",10
"Estral Esports","Acce •  Lyg","Turkish Team",10
"Exilium Gaming","JISKRA","Turkish Team",10
"Fantasy Gaming","Scar Hope •  Kram •  San •  Nou •  LupinoBate •  FreeSoul","Turkish Team",10
"Fuego","Ravey •  Mega •  Blackengel •  Shade •  Whiplash","Turkish Team",10
"Furious Gaming","Kartana •  Emp •  Viciun •  Feitan","Turkish Team",10
"GeekSide Esports","Therru •  Sunriser •  Roket •  Rastafari •  Macucho •  Nightfall •  Wamdejo","Turkish Team",10
"Globant Emerald","Nate •  Warangelus •  Plugo •  WhiteLotus •  Newbie","Turkish Team",10
"Gods Plan","Raél •  CaTzzz •  Toes","Turkish Team",10
"Gravity Elite","JTL •  Blind Walker •  Godles •  Zlekt","Turkish Team",10
"Hooked Esports","Rexus •  Mistt •  Bl0oMi •  BitterBit •  Bojji •  Cezz  (Sports Director/Support)","Turkish Team",10
"Incubus","Ceviche •  Cebolla •  Souta","Turkish Team",10
"INFINITY","Jauny •  Brayaron •  SolidSnake •  Cody •  Snaker •  Kz •  Ackerman","Turkish Team",10
"Instinct Gaming","1Cs •  Dinastik •  Xamex •  Joma","Turkish Team",10
"Isurus","ADD •  Seiya •  Gavotto •  Jelly •  Flare","Turkish Team",10
"Janus Esports","HAKA •  Jean •  Ballack •  FxZ","Turkish Team",10
"KLG Academy","Baby Upset •  1Lee","Turkish Team",10
"King of Goats","Astronyx","Turkish Team",10
"Kings of the North","Dune •  Osito Felpuwu •  Ballack •  Gnetic •  Kaldalis","Turkish Team",10
"KRÜ Esports","Seeker •  Style •  Kiefer •  Lac •  IgnaVilu1","Turkish Team",10
"Leviatan Esports","Buggax •  Pancake •  TopLop •  Nothing •  Lyonz","Turkish Team",10
"Leviatan Chile","Baltica •  Tinchoxar","Turkish Team",10
"Luxor Gaming","Qkel •  Foxy •  Don Jose","Turkish Team",10
"Mad Kings","deathleap •  EstebanPa •  WilBR •  Zeldris •  Tiki Astral •  Yagami","Turkish Team",10
"Mad Revolution","Kanitouh •  Night Fúry •  Chuflex •  Arqi •  Foryax •  Greety •  TeeoG •  IvaNovich","Turkish Team",10
"Malvinas Gaming","Scrappy •  SryNotSry •  Fersito •  Nekhazten •  Magico","Turkish Team",10
"Mayan Esports","Pinky •  Saeko •  Araque •  Barry •  Melocotón •  Lenpace •  Orion","Turkish Team",10
"Meta Gaming","Emets •  Duivel •  Funky Dog •  Snottie","Turkish Team",10
"Movistar Optix","Shookz •  KreshtDoo •  Marito","Turkish Team",10
"Newstar","Brianthees •  Xeydon","Turkish Team",10
"NOCTA","Stibi •  Raydell •  Pelirrojo •  Gabenx •  Dreseul •  Kofla","Turkish Team",10
"Once Caldas Esports","Cristonex •  Kanz •  Aquiles •  AraaGor •  Asdrick •  Asterik","Turkish Team",10
"Pampas","Izaenk •  Follow •  Enga •  Kindless •  QQMore •  Kumew •  Kbstible","Turkish Team",10
"PÊEK Gaming","Sander •  Symebo •  Loers •  MrMemox •  BetaTwinz •  Cesar","Turkish Team",10
"Pirate Dream","vins •  Feng •  Binky •  Zaetoz •  Sofia •  Rex","Turkish Team",10
"Psykodelic Esports","Andresu •  Covi •  Mata •  Maick","Turkish Team",10
"Rainbow7","SoHwan •  Oddie •  Cepted •  Ceo •  Slow •  Daiky","Turkish Team",10
"Rebirth eSports","Arfyss •  Funky Dog •  Cosmoz •  GunPoint •  Gralou •  1Defu","Turkish Team",10
"Red Rooster Team","Merciful •  Andathy •  Quasar •  FREDEAD •  Orange •  Kot •  Lustboy","Turkish Team",10
"Respawn Esports","Tilt","Turkish Team",10
"River Plate","Aquasonic •  Dandy","Turkish Team",10
"Saprissa Esports","Putin •  Chiu •  Ganks •  Xuradel •  Renn •  MadBlade","Turkish Team",10
"Six Karma","Nipphu •  DrLemon •  Icytower •  Letras •  Lyng","Turkish Team",10
"Skull Cracker","Abyss •  Xmy","Turkish Team",10
"Spectacled Bears","Note","Turkish Team",10
"Spirituals","Abscense •  Guzke •  Kitin •  Stealth •  IRuby","Turkish Team",10
"Stone Movistar","Why Not","Turkish Team",10
"TAB","Logan •  Haltz •  Taco","Turkish Team",10
"Team Aze","Lonely •  Dimitry •  Aloned •  5kid •  Straight •  Shu Hari","Turkish Team",10
"Team Quetzal","No Roster Avalable","Turkish Team",10
"The Kings","Destroy •  Mataz •  Rainbow •  Limitationss •  NerzhuL •  Chukaritas •  Santi •  Midalia •  VirusFx •  Mun","Turkish Team",10
"Tomorrow Esports","Marth •  Chikitow •  LLSkyLL •  Alann •  Meteoro •  Sight","Turkish Team",10
"Undead Gaming","Strange •  Pyl •  Aders","Turkish Team",10
"UC Esports","No Roster Avalable","Turkish Team",10
"Vandals Esports","K Cho •  Emarlin •  Nuggles •  Johan Love •  Spidy","Turkish Team",10
"Vipers","Bazu •  2Night •  Aaron •  Doosu •  Choisix","Turkish Team",10
"Waia Snikt","Joxardo •  No One •  Nishkyu •  Toradora","Turkish Team",10
"WAP Esports","Sydux •  OneSECOND •  Encounters","Turkish Team",10
"XTEN Esports","Zerito •  Seize •  Keine","Turkish Team",10
"Zeu5 Bogota","Keii •  UnicornG •  Zelt •  Hobbler •  Ichiwin •  MrProxi","Turkish Team",10
"Zylant Esports","Pillo •  Slayer •  Vares •  Zeypher •  Messi •  Ankichi","Turkish Team",10
"9z Team","Burrito •  Naz •  Agustin17 •  Hika •  Tufi •  Sang","Vietnamese Team",11
"AceS GaminG","Rhal •  Nuclex •  Neith •  Senshi •  Brio","Vietnamese Team",11
"AGD ESports","Hater •  KINGPOWER •  Joinlav •  Gelvic •  Huevo Frito •  Sir Fate","Vietnamese Team",11
"All Knights","Zothve •  Skeeto •  Crash •  Leza •  Alive •  Pancake •  Baula","Vietnamese Team",11
"Arctic Mexico","Steellar •  Chente •  Fayonix •  Hades •  Hierro •  Betosky","Vietnamese Team",11
"Atheris Esports","Mayhem •  Zerkxz •  Demy •  Shintalx","Vietnamese Team",11
"Atomic México","Gonti •  LiquidDiego •  Kyoto •  Shaka •  Manuelcap •  Allerz","Vietnamese Team",11
"Aurelius Esports","Uprising •  Acerola •  Kobrq •  Bola •  Tyr •  Sun Tiger","Vietnamese Team",11
"Awake Gaming","Junder •  Saya •  Master Jos •  lll •  Yuk •  Dirss","Vietnamese Team",11
"Azules Academy","No Roster Avalable","Vietnamese Team",11
"Bandits Gaming","Lance •  Kazuo •  Rein •  Mime •  Hannah •  CougarDai","Vietnamese Team",11
"Beast Esports","ElBenSmurf •  Zutter •  Chucknight •  Drev •  Ariezu","Vietnamese Team",11
"Boca Juniors","Chordy •  dnt","Vietnamese Team",11
"Braves Rising","Kantoshi •  Athyz •  Melkior •  Patrick •  Gary","Vietnamese Team",11
"Cattleya Gaming","Grimma","Vietnamese Team",11
"Cienciano Esports","LukasNegro •  Maver •  Jealow •  Hoka •  Pyro","Vietnamese Team",11
"Deportivo Municipal","Leocich •  Janghy •  Terco •  Snoopy •  Skanito •  ElOjoInka •  Prichell","Vietnamese Team",11
"Cruzados Esports","IceBox","Vietnamese Team",11
"Da Dancing Demons","Galileo •  Kasamura •  Nips •  Fate in Blood","Vietnamese Team",11
"Dark Horse","KearZy •  Perro •  Luco •  Charlie","Vietnamese Team",11
"Dark Quality","Ron •  El Mapachurro •  Nashery •  TheGunsOfFortune •  Confytura •  Yadagon","Vietnamese Team",11
"Deliverance Esports","Niquel •  Sazz •  Demonmix •  Jtoru","Vietnamese Team",11
"Deliverance Peru","Diegorzz •  Reiner •  Lefty •  1Bicho","Vietnamese Team",11
"Descuydado Esports","Kerfa •  iFrix •  Shieldworm •  Xpontaneous •  Davo •  Ayeye","Vietnamese Team",11
"Diamond Doves","JuanDeDios •  Piu Piu •  AdrYh •  HarryLaCru •  Khael","Vietnamese Team",11
"EBRO","Akunma •  Ocean •  TomnaM •  Nottingham •  Nameless •  Fateware","Vietnamese Team",11
"ELR Gaming","Lara •  Tiansito •  Luckie •  JK •  Melvin •  Ohtori","Vietnamese Team",11
"Estral Esports","Acce •  Lyg","Vietnamese Team",11
"Exilium Gaming","JISKRA","Vietnamese Team",11
"Fantasy Gaming","Scar Hope •  Kram •  San •  Nou •  LupinoBate •  FreeSoul","Vietnamese Team",11
"Fuego","Ravey •  Mega •  Blackengel •  Shade •  Whiplash","Vietnamese Team",11
"Furious Gaming","Kartana •  Emp •  Viciun •  Feitan","Vietnamese Team",11
"GeekSide Esports","Therru •  Sunriser •  Roket •  Rastafari •  Macucho •  Nightfall •  Wamdejo","Vietnamese Team",11
"Globant Emerald","Nate •  Warangelus •  Plugo •  WhiteLotus •  Newbie","Vietnamese Team",11
"Gods Plan","Raél •  CaTzzz •  Toes","Vietnamese Team",11
"Gravity Elite","JTL •  Blind Walker •  Godles •  Zlekt","Vietnamese Team",11
"Hooked Esports","Rexus •  Mistt •  Bl0oMi •  BitterBit •  Bojji •  Cezz  (Sports Director/Support)","Vietnamese Team",11
"Incubus","Ceviche •  Cebolla •  Souta","Vietnamese Team",11
"INFINITY","Jauny •  Brayaron •  SolidSnake •  Cody •  Snaker •  Kz •  Ackerman","Vietnamese Team",11
"Instinct Gaming","1Cs •  Dinastik •  Xamex •  Joma","Vietnamese Team",11
"Isurus","ADD •  Seiya •  Gavotto •  Jelly •  Flare","Vietnamese Team",11
"Janus Esports","HAKA •  Jean •  Ballack •  FxZ","Vietnamese Team",11
"KLG Academy","Baby Upset •  1Lee","Vietnamese Team",11
"King of Goats","Astronyx","Vietnamese Team",11
"Kings of the North","Dune •  Osito Felpuwu •  Ballack •  Gnetic •  Kaldalis","Vietnamese Team",11
"KRÜ Esports","Seeker •  Style •  Kiefer •  Lac •  IgnaVilu1","Vietnamese Team",11
"Leviatan Esports","Buggax •  Pancake •  TopLop •  Nothing •  Lyonz","Vietnamese Team",11
"Leviatan Chile","Baltica •  Tinchoxar","Vietnamese Team",11
"Luxor Gaming","Qkel •  Foxy •  Don Jose","Vietnamese Team",11
"Mad Kings","deathleap •  EstebanPa •  WilBR •  Zeldris •  Tiki Astral •  Yagami","Vietnamese Team",11
"Mad Revolution","Kanitouh •  Night Fúry •  Chuflex •  Arqi •  Foryax •  Greety •  TeeoG •  IvaNovich","Vietnamese Team",11
"Malvinas Gaming","Scrappy •  SryNotSry •  Fersito •  Nekhazten •  Magico","Vietnamese Team",11
"Mayan Esports","Pinky •  Saeko •  Araque •  Barry •  Melocotón •  Lenpace •  Orion","Vietnamese Team",11
"Meta Gaming","Emets •  Duivel •  Funky Dog •  Snottie","Vietnamese Team",11
"Movistar Optix","Shookz •  KreshtDoo •  Marito","Vietnamese Team",11
"Newstar","Brianthees •  Xeydon","Vietnamese Team",11
"NOCTA","Stibi •  Raydell •  Pelirrojo •  Gabenx •  Dreseul •  Kofla","Vietnamese Team",11
"Once Caldas Esports","Cristonex •  Kanz •  Aquiles •  AraaGor •  Asdrick •  Asterik","Vietnamese Team",11
"Pampas","Izaenk •  Follow •  Enga •  Kindless •  QQMore •  Kumew •  Kbstible","Vietnamese Team",11
"PÊEK Gaming","Sander •  Symebo •  Loers •  MrMemox •  BetaTwinz •  Cesar","Vietnamese Team",11
"Pirate Dream","vins •  Feng •  Binky •  Zaetoz •  Sofia •  Rex","Vietnamese Team",11
"Psykodelic Esports","Andresu •  Covi •  Mata •  Maick","Vietnamese Team",11
"Rainbow7","SoHwan •  Oddie •  Cepted •  Ceo •  Slow •  Daiky","Vietnamese Team",11
"Rebirth eSports","Arfyss •  Funky Dog •  Cosmoz •  GunPoint •  Gralou •  1Defu","Vietnamese Team",11
"Red Rooster Team","Merciful •  Andathy •  Quasar •  FREDEAD •  Orange •  Kot •  Lustboy","Vietnamese Team",11
"Respawn Esports","Tilt","Vietnamese Team",11
"River Plate","Aquasonic •  Dandy","Vietnamese Team",11
"Saprissa Esports","Putin •  Chiu •  Ganks •  Xuradel •  Renn •  MadBlade","Vietnamese Team",11
"Six Karma","Nipphu •  DrLemon •  Icytower •  Letras •  Lyng","Vietnamese Team",11
"Skull Cracker","Abyss •  Xmy","Vietnamese Team",11
"Spectacled Bears","Note","Vietnamese Team",11
"Spirituals","Abscense •  Guzke •  Kitin •  Stealth •  IRuby","Vietnamese Team",11
"Stone Movistar","Why Not","Vietnamese Team",11
"TAB","Logan •  Haltz •  Taco","Vietnamese Team",11
"Team Aze","Lonely •  Dimitry •  Aloned •  5kid •  Straight •  Shu Hari","Vietnamese Team",11
"Team Quetzal","No Roster Avalable","Vietnamese Team",11
"The Kings","Destroy •  Mataz •  Rainbow •  Limitationss •  NerzhuL •  Chukaritas •  Santi •  Midalia •  VirusFx •  Mun","Vietnamese Team",11
"Tomorrow Esports","Marth •  Chikitow •  LLSkyLL •  Alann •  Meteoro •  Sight","Vietnamese Team",11
"Undead Gaming","Strange •  Pyl •  Aders","Vietnamese Team",11
"UC Esports","No Roster Avalable","Vietnamese Team",11
"Vandals Esports","K Cho •  Emarlin •  Nuggles •  Johan Love •  Spidy","Vietnamese Team",11
"Vipers","Bazu •  2Night •  Aaron •  Doosu •  Choisix","Vietnamese Team",11
"Waia Snikt","Joxardo •  No One •  Nishkyu •  Toradora","Vietnamese Team",11
"WAP Esports","Sydux •  OneSECOND •  Encounters","Vietnamese Team",11
"XTEN Esports","Zerito •  Seize •  Keine","Vietnamese Team",11
"Zeu5 Bogota","Keii •  UnicornG •  Zelt •  Hobbler •  Ichiwin •  MrProxi","Vietnamese Team",11
"Zylant Esports","Pillo •  Slayer •  Vares •  Zeypher •  Messi •  Ankichi","Vietnamese Team",11
