Season,Tourament_type,Tourament_Name,Region,Game_No,Game_Duration,First_Gane,Last_Game
S12,LPLOL,LPLOL Spring Playoffs 2022,PT,17,08:02:00,Wednesday 9 March 2022,Saturday 19 March 2022
S12,LJL,LJL Spring Playoffs 2022,JP,24,09:50:00,Wednesday 30 March 2022,Sunday 10 April 2022
S12,LCK,LCK Spring Playoffs 2022,KR,20,09:33:00,Wednesday 23 March 2022,Saturday 2 April 2022
S12,LVP,LVP SL Spring 2022,ES,90,09:02:00,Monday 10 January 2022,Thursday 10 March 2022
S12,LCS,LCS Proving Grounds Spring 2022,NA,90,07:13:00,Wednesday 16 March 2022,Friday 15 April 2022
S12,LFL,LFL Spring Playoffs 2022,FR,24,10:40:00,Wednesday 16 March 2022,Thursday 31 March 2022
S12,LCK,LCK Spring 2022,KR,213,10:07:00,Wednesday 12 January 2022,Sunday 20 March 2022
S12,LFL,LFL Spring 2022,FR,90,09:52:00,Wednesday 12 January 2022,Thursday 10 March 2022
S12,CBLOL,CBLOL Academy Split 1 Playoffs 2022,BR,20,09:02:00,Tuesday 5 April 2022,Saturday 16 April 2022
S12,CBLOL,CBLOL Academy Split 1 2022,BR,90,07:50:00,Tuesday 25 January 2022,Wednesday 23 March 2022
S12,LVP,LVP SL Spring Playoffs 2022,ES,21,07:37:00,Monday 14 March 2022,Wednesday 30 March 2022
S12,EU Masters,EU Masters Spring 2022,WR,74,07:56:00,Thursday 14 April 2022,Saturday 7 May 2022
S12,LCS,LCS Spring 2022,NA,92,09:25:00,Saturday 5 February 2022,Sunday 27 March 2022
S12,LLA,LLA Opening 2022,LAT,58,09:38:00,Saturday 29 January 2022,Sunday 13 March 2022
S12,LPL,LPL Spring Playoffs 2022,CN,51,08:40:00,Saturday 26 March 2022,Saturday 23 April 2022
S12,CBLOL,CBLOL Split 1 2022,BR,90,08:41:00,Saturday 22 January 2022,Sunday 20 March 2022
S12,LCS,LCS Spring Playoffs 2022,NA,29,07:57:00,Saturday 2 April 2022,Sunday 24 April 2022
S12,LCL,LCL Spring 2022,CIS,16,05:47:00,Saturday 12 February 2022,Sunday 20 February 2022
S12,EBL,EBL Spring Playoffs 2022,RS,14,07:50:00,Monday 7 March 2022,Saturday 19 March 2022
S12,GLL,GLL Spring Playoffs 2022,GR,14,06:49:00,Monday 7 March 2022,Sunday 20 March 2022
S12,EU Masters,EU Masters Spring Play-In 2022,WR,58,07:01:00,Monday 4 April 2022,Thursday 7 April 2022
S12,LCO,LCO Sprit 1 Playoffs 2022,OCE,22,08:13:00,Monday 28 March 2022,Monday 11 April 2022
S12,LCO,LCO Split 1 2022,OCE,84,05:24:00,Monday 24 January 2022,Tuesday 22 March 2022
S12,LCK,LCK CL Spring Playoffs 2022,KR,23,07:53:00,Monday 21 March 2022,Friday 1 April 2022
S12,LFL,LFL Div2 Spring Playoffs 2022,FR,23,09:36:00,Monday 21 March 2022,Tuesday 5 April 2022
S12,EBL,EBL Spring 2022,RS,56,07:15:00,Monday 17 January 2022,Thursday 3 March 2022
S12,Elite,Elite Series Spring 2022,BE,56,09:03:00,Monday 17 January 2022,Wednesday 2 March 2022
S12,GLL,GLL Spring 2022,GR,56,07:10:00,Monday 17 January 2022,Tuesday 1 March 2022
S12,LFL,LFL Div2 Spring 2022,FR,90,08:52:00,Monday 17 January 2022,Tuesday 15 March 2022
S12,LPLOL,LPLOL Spring 2022,PT,56,07:35:00,Monday 17 January 2022,Wednesday 2 March 2022
S12,LCK,LCK CL Spring 2022,KR,181,05:36:00,Monday 10 January 2022,Saturday 19 March 2022
S12,LPL,LPL Spring 2022,CN,341,07:26:00,Monday 10 January 2022,Friday 25 March 2022
S12,CBLOL,CBLOL Split 1 Playoffs 2022,BR,32,09:59:00,Friday 25 March 2022,Saturday 23 April 2022
S12,LEC,LEC Spring Playoffs 2022,EUW,30,08:03:00,Friday 25 March 2022,Sunday 10 April 2022
S12,LLA,LLA Opening Playoffs 2022,LAT,31,10:17:00,Friday 18 March 2022,Saturday 16 April 2022
S12,Demacia,Demacia Cup 2021,CN,66,07:35:00,Friday 17 December 2021,Sunday 26 December 2021
S12,LCS,LCS Lock In 2022,NA,39,07:52:00,Friday 14 January 2022,Sunday 30 January 2022
S12,LEC,LEC Spring 2022,EUW,90,09:06:00,Friday 14 January 2022,Sunday 6 March 2022
S12,Elite,Elite Series Spring Playoffs 2022,BE,17,07:40:00,Friday 11 March 2022,Saturday 19 March 2022
S12,LJL,LJL Spring 2022,JP,84,06:59:00,Friday 11 February 2022,Friday 25 March 2022
S12,Kespa,Kespa Cup 2021,KR,39,05:55:00,Friday 10 December 2021,Sunday 12 December 2021
S12,NA,NA Academy Spring 2022,NA,180,07:26:00,Wednesday 19 January 2022,Friday 11 March 2022
S12,NLC,NLC Spring 2022,EUW,90,08:03:00,Monday 10 January 2022,Wednesday 9 March 2022
S12,NLC,NLC Spring Playoffs 2022,EUW,21,06:51:00,Monday 14 March 2022,Wednesday 30 March 2022
S12,PCS,PCS Spring 2022,PCS,91,05:41:00,Friday 11 February 2022,Sunday 20 March 2022
S12,PCS,PCS Spring Playoffs 2022,PCS,45,07:46:00,Thursday 31 March 2022,Sunday 17 April 2022
S12,PG,PG Nationals Spring 2022,IT,56,09:14:00,Tuesday 18 January 2022,Wednesday 2 March 2022
S12,PG,PG Nationals Spring Playoffs 2022,IT,14,08:14:00,Tuesday 8 March 2022,Sunday 20 March 2022
S12,Prime League,Prime League Spring 2022,DE,90,08:14:00,Tuesday 11 January 2022,Thursday 24 February 2022
S12,Prime League,Prime League Spring Playoffs 2022,DE,20,08:18:00,Tuesday 1 March 2022,Sunday 20 March 2022
S12,Hitpoint Master,Hitpoint Masters Spring 2022,CZ,56,06:39:00,Monday 17 January 2022,Thursday 3 March 2022
S12,Hitpoint Master,Hitpoint Masters Spring Playoffs 2022,CZ,16,09:49:00,Thursday 10 March 2022,Sunday 20 March 2022
S12,TCL,TCL Winter 2022,TR,91,08:12:00,Saturday 22 January 2022,Sunday 20 March 2022
S12,TCL,TCL Winter Playoffs 2022,TR,20,09:05:00,Saturday 26 March 2022,Saturday 9 April 2022
S12,Turkey,Turkey Academy Winter 2022,TR,93,07:55:00,Thursday 20 January 2022,Friday 18 March 2022
S12,Turkey,Turkey Academy Winter Playoffs 2022,TR,12,06:06:00,Monday 21 March 2022,Wednesday 23 March 2022
S12,Ultraliga,Ultraliga Season 7,PL,90,07:57:00,Tuesday 11 January 2022,Wednesday 9 March 2022
S12,Ultraliga,Ultraliga Season 7 Playoffs,PL,22,06:40:00,Tuesday 15 March 2022,Wednesday 30 March 2022
S12,VCS,VCS Spring 2022,VN,132,05:13:00,Friday 11 February 2022,Wednesday 13 April 2022
S12,VCS,VCS Spring Playoffs 2022,VN,12,06:49:00,Saturday 16 April 2022,Sunday 24 April 2022
S11,LVP,LVP SL Spring Playoffs 2021,ES,18,11:19:00,Monday 15 March 2021,Thursday 25 March 2021
S11,LVP,LVP SL Summer 2021,ES,90,08:58:00,Monday 31 May 2021,Thursday 29 July 2021
S11,Hitpoint Challengers,Hitpoint Challengers 2021 Spring,CZ,57,08:00:00,Wednesday 3 February 2021,Saturday 6 March 2021
S11,LVP,LVP Summer Playoffs 2021,ES,21,05:56:00,Monday 2 August 2021,Thursday 12 August 2021
S11,LVP,LVP Superliga Spring 2021,ES,92,09:41:00,Monday 18 January 2021,Thursday 11 March 2021
S11,Hitpoint Challengers,Hitpoint Challengers 2021 Spring Playoffs,CZ,32,05:49:00,Wednesday 10 March 2021,Wednesday 24 March 2021
S11,LCK,LCK Summer 2021,KR,226,09:36:00,Wednesday 9 June 2021,Sunday 15 August 2021
S11,LJL,LJL Academy Playoffs 2021,JP,9,04:50:00,Wednesday 8 September 2021,Thursday 9 September 2021
S11,LFL,LFL Summer Playoffs 2021,FR,16,09:53:00,Wednesday 4 August 2021,Thursday 12 August 2021
S11,LCK,LCK Spring Playoffs 2021,KR,18,11:22:00,Wednesday 31 March 2021,Saturday 10 April 2021
S11,LCS,LCS Proving Grounds Spring 2021,NA,80,07:47:00,Wednesday 31 March 2021,Sunday 25 April 2021
S11,Hitpoint Challengers,Hitpoint Challengers 2021 Summer,CZ,13,10:18:00,Wednesday 23 June 2021,Saturday 3 July 2021
S11,MSI,MSI 2021,WR,81,06:04:00,Thursday 6 May 2021,Sunday 23 May 2021
S11,LCK,LCK Summer Playoffs 2021,KR,18,11:01:00,Wednesday 18 August 2021,Saturday 28 August 2021
S11,LFL,LFL Spring Playoffs 2021,FR,15,06:29:00,Wednesday 17 March 2021,Thursday 25 March 2021
S11,EU Masters,EU Masters Spring 2021,WR,70,08:21:00,Wednesday 14 April 2021,Sunday 2 May 2021
S11,LCK,LCK Spring 2021,KR,215,08:57:00,Wednesday 13 January 2021,Sunday 28 March 2021
S11,Dutch,Dutch League Spring Playoffs 2021,NL,15,07:20:00,Tuesday 9 March 2021,Tuesday 23 March 2021
S11,CBLOL,CBLOL Academy Split 2 2021,BR,90,07:59:00,Tuesday 8 June 2021,Wednesday 4 August 2021
S11,LFL,LFL Summer 2021,FR,85,08:28:00,Tuesday 8 June 2021,Wednesday 28 July 2021
S11,LCK,LCK Regional Finals 2021,KR,12,09:00:00,Tuesday 31 August 2021,Thursday 2 September 2021
S11,CBLOL,CBLOL Academy Split 1 Playoffs 2021,BR,23,07:55:00,Tuesday 30 March 2021,Saturday 17 April 2021
S11,LCO,LCO Split 1 Playoffs 2021,OCE,22,09:32:00,Tuesday 30 March 2021,Saturday 10 April 2021
S11,Dutch,Dutch League Summer Playoffs 2021,NL,16,09:11:00,Tuesday 27 July 2021,Tuesday 10 August 2021
S11,NA,NA Academy Spring 2021,NA,45,09:07:00,Wednesday 20 January 2021,Wednesday 17 February 2021
S11,Baltic Masters,Baltic Masters Spring 2021,LT,31,05:45:00,Tuesday 26 January 2021,Thursday 25 February 2021
S11,LCO,LCO Split 1 2021,OCE,57,05:40:00,Tuesday 23 February 2021,Saturday 27 March 2021
S11,Baltic Masters,Baltic Masters Spring Playoffs 2021,LT,13,07:32:00,Tuesday 2 March 2021,Tuesday 9 March 2021
S11,CBLOL,CBLOL Academy Split 1 2021,BR,90,09:16:00,Tuesday 19 January 2021,Wednesday 17 March 2021
S11,LFL,LFL Spring 2021,FR,91,08:10:00,Tuesday 19 January 2021,Thursday 11 March 2021
S11,LCO,LCO Split 2 Playoffs 2021,OCE,20,08:47:00,Tuesday 17 August 2021,Tuesday 31 August 2021
S11,Baltic Masters,Baltic Masters Summer 2021,LT,30,06:52:00,Tuesday 15 June 2021,Tuesday 20 July 2021
S11,LCO,LCO Split 2 2021,OCE,84,08:05:00,Tuesday 15 June 2021,Wednesday 11 August 2021
S11,Dutch,Dutch League Spring 2021,NL,30,07:52:00,Tuesday 12 January 2021,Tuesday 2 March 2021
S11,CBLOL,CBLOL Academy Split 2 Playoffs 2021,BR,18,07:54:00,Tuesday 10 August 2021,Saturday 28 August 2021
S11,Dutch,Dutch League Summer 2021,NL,30,07:37:00,Tuesday 1 June 2021,Tuesday 20 July 2021
S11,NA,NA Academy Summer 2021,NA,180,06:33:00,Wednesday 2 June 2021,Thursday 29 July 2021
S11,LCS,LCS Proving Grounds Summer 2021,NA,86,07:24:00,Thursday 2 September 2021,Sunday 26 September 2021
S11,Hitpoint Master,Hitpoint Masters 2021 Spring,CZ,57,08:00:00,Wednesday 27 January 2021,Sunday 28 February 2021
S11,LPL,LPL Summer Playoffs 2021,CN,46,10:01:00,Thursday 12 August 2021,Thursday 2 September 2021
S11,LPL,LPL Spring Playoffs 2021,CN,48,06:59:00,Thursday 1 April 2021,Sunday 18 April 2021
S11,NA,NA Academy Summer Playoffs 2021,NA,24,10:40:00,Thursday 5 August 2021,Thursday 19 August 2021
S11,LJL,LJL Summer Playoffs 2021,JP,20,10:06:00,Sunday 8 August 2021,Sunday 5 September 2021
S11,LLA,LLA Opening Playoffs 2021,LAT,13,10:07:00,Sunday 28 March 2021,Saturday 10 April 2021
S11,LJL,LJL Spring Playoffs 2021,JP,24,06:41:00,Sunday 14 March 2021,Sunday 11 April 2021
S11,LPL,LPL Spring 2021,CN,306,06:44:00,Saturday 9 January 2021,Sunday 28 March 2021
S11,Baltic Masters,Baltic Masters Summer Playoffs 2021,LT,14,07:19:00,Saturday 7 August 2021,Wednesday 11 August 2021
S11,CBLOL,CBLOL Split 2 Playoffs 2021,BR,19,06:30:00,Saturday 7 August 2021,Saturday 4 September 2021
S11,LCS,LCS Championship 2021,NA,47,08:45:00,Saturday 7 August 2021,Sunday 29 August 2021
S11,CBLOL,CBLOL Split 2 2021,BR,90,08:23:00,Saturday 5 June 2021,Sunday 1 August 2021
S11,LPLOL,LPLOL Grand Final 2021,PT,25,08:53:00,Saturday 30 October 2021,Saturday 13 November 2021
S11,LLA,LLA Opening 2021,LAT,67,10:40:00,Saturday 30 January 2021,Monday 22 March 2021
S11,LCL,LCL Spring Playoffs 2021,CIS,11,11:19:00,Saturday 3 April 2021,Saturday 17 April 2021
S11,CBLOL,CBLOL Split 1 Playoffs 2021,BR,22,07:07:00,Saturday 27 March 2021,Sunday 18 April 2021
S11,LCL,LCL Summer 2021,CIS,55,06:54:00,Saturday 26 June 2021,Sunday 8 August 2021
S11,LJL,LJL Spring 2021,JP,57,09:25:00,Saturday 23 January 2021,Thursday 11 March 2021
S11,EBL,EBL Season 8 Playoffs,RS,10,04:03:00,Saturday 20 March 2021,Saturday 27 March 2021
S11,LCS,LCS Mid-Season Showdown 2021,NA,31,09:39:00,Saturday 20 March 2021,Sunday 11 April 2021
S11,LJL,LJL Summer 2021,JP,58,09:29:00,Saturday 19 June 2021,Wednesday 4 August 2021
S11,LLA,LLA Closing 2021,LAT,66,09:06:00,Saturday 19 June 2021,Sunday 8 August 2021
S11,CBLOL,CBLOL Split 1 2021,BR,90,07:49:00,Saturday 16 January 2021,Sunday 14 March 2021
S11,LLA,LLA Closing Playoffs 2021,LAT,13,09:30:00,Saturday 14 August 2021,Saturday 28 August 2021
S11,LCL,LCL Spring 2021,CIS,58,08:33:00,Saturday 13 February 2021,Sunday 28 March 2021
S11,Belgian League,Belgian League Spring Playoffs 2021,BE,16,09:07:00,Monday 8 March 2021,Monday 22 March 2021
S11,LCK,LCK CL Summer 2021,KR,92,09:32:00,Monday 7 June 2021,Tuesday 10 August 2021
S11,LPL,LPL Summer 2021,CN,328,07:06:00,Monday 7 June 2021,Sunday 8 August 2021
S11,LPLOL,LPLOL Summer 2021,PT,57,08:04:00,Monday 7 June 2021,Wednesday 21 July 2021
S11,Belgian League,Belgian League Summer 2021,BE,30,07:07:00,Monday 31 May 2021,Monday 19 July 2021
S11,GLL,GLL Summer 2021,GR,55,05:40:00,Monday 31 May 2021,Tuesday 6 July 2021
S11,EU Masters,EU Masters Summer 2021,WR,78,07:02:00,Monday 30 August 2021,Sunday 19 September 2021
S11,LJL,LJL Academy 2021,JP,30,09:15:00,Monday 30 August 2021,Tuesday 7 September 2021
S11,EU Masters,EU Masters Spring Play-In 2021,WR,58,06:22:00,Monday 29 March 2021,Thursday 1 April 2021
S11,LCK,LCK CL Spring Playoffs 2021,KR,18,05:42:00,Monday 29 March 2021,Friday 9 April 2021
S11,Belgian League,Belgian League Summer Playoffs 2021,BE,17,07:19:00,Monday 26 July 2021,Monday 9 August 2021
S11,LPLOL,LPLOL Summer Playoffs 2021,PT,15,09:28:00,Monday 26 July 2021,Tuesday 3 August 2021
S11,EBL,EBL Season 8,RS,59,06:40:00,Monday 25 January 2021,Sunday 14 March 2021
S11,LPLOL,LPLOL Spring 2021,PT,57,07:59:00,Monday 25 January 2021,Wednesday 10 March 2021
S11,LFL,LFL Div2 Summer Playoffs 2021,FR,16,08:52:00,Monday 23 August 2021,Thursday 26 August 2021
S11,GLL,GLL Winter Playoffs 2021,GR,24,06:59:00,Monday 22 November 2021,Tuesday 7 December 2021
S11,Demacia,Demacia Cup 2020,CN,65,07:07:00,Monday 21 December 2020,Sunday 27 December 2020
S11,KeSPA,KeSPA Cup 2020,KR,33,08:13:00,Monday 21 December 2020,Saturday 2 January 2021
S11,LFL,LFL Promotion 2021,FR,18,06:47:00,Monday 20 September 2021,Friday 24 September 2021
S11,GLL,GLL 2021 Spring,GR,57,07:25:00,Monday 18 January 2021,Tuesday 23 February 2021
S11,LCK,LCK CL Spring 2021,KR,93,08:10:00,Monday 18 January 2021,Tuesday 23 March 2021
S11,EU Masters,EU Masters Summer Play-In 2021,WR,63,06:28:00,Monday 16 August 2021,Thursday 19 August 2021
S11,LCK,LCK CL Summer Playoffs 2021,KR,23,10:27:00,Monday 16 August 2021,Friday 27 August 2021
S11,LPLOL,LPLOL Spring Playoffs 2021,PT,10,05:28:00,Monday 15 March 2021,Sunday 21 March 2021
S11,EBL,EBL Season 9,RS,58,06:04:00,Monday 14 June 2021,Friday 30 July 2021
S11,LFL,LFL Div2 Summer 2021,FR,90,07:54:00,Monday 14 June 2021,Tuesday 17 August 2021
S11,GLL,GLL Summer Playoffs 2021,GR,23,06:48:00,Monday 12 July 2021,Tuesday 27 July 2021
S11,GLL,GLL Winter 2021,GR,56,07:25:00,Monday 11 October 2021,Tuesday 16 November 2021
S11,Belgian League,Belgian League Spring 2021,BE,30,07:30:00,Monday 11 January 2021,Monday 1 March 2021
S11,GLL,GLL 2021 Spring Playoffs,GR,24,07:36:00,Monday 1 March 2021,Tuesday 23 March 2021
S11,LCS,LCS Spring 2021,NA,90,09:58:00,Friday 5 February 2021,Sunday 14 March 2021
S11,LCS,LCS Summer 2021,NA,135,08:54:00,Friday 4 June 2021,Sunday 1 August 2021
S11,LPL,LPL Regional Finals 2021,CN,10,07:55:00,Friday 3 September 2021,Sunday 5 September 2021
S11,LFL,LFL Finals 2021,FR,10,06:46:00,Friday 27 August 2021,Monday 4 October 2021
S11,LEC,LEC Spring Playoffs 2021,EUW,33,09:31:00,Friday 26 March 2021,Sunday 11 April 2021
S11,LEC,LEC Spring 2021,EUW,90,09:03:00,Friday 22 January 2021,Sunday 14 March 2021
S11,LCS,LCS Lock In 2021,NA,42,06:42:00,Friday 15 January 2021,Sunday 31 January 2021
S11,LCL,LCL Summer Playoffs 2021,CIS,25,08:08:00,Friday 13 August 2021,Saturday 4 September 2021
S11,LEC,LEC Summer Playoffs 2021,EUW,34,07:12:00,Friday 13 August 2021,Sunday 29 August 2021
S11,LEC,LEC Summer 2021,EUW,90,08:07:00,Friday 11 June 2021,Sunday 1 August 2021
S11,NLC,NLC Spring 2021,EUW,64,08:45:00,Tuesday 19 January 2021,Thursday 25 February 2021
S11,Hitpoint Master,Hitpoint Masters 2021 Spring Playoffs,CZ,35,07:49:00,Thursday 4 March 2021,Sunday 21 March 2021
S11,Hitpoint Master,Hitpoint Masters 2021 Summer,CZ,56,07:02:00,Thursday 17 June 2021,Sunday 18 July 2021
S11,NLC,NLC Spring Playoffs 2021,EUW,27,07:00:00,Tuesday 2 March 2021,Sunday 21 March 2021
S11,NLC,NLC Summer 2021,EUW,96,07:24:00,Wednesday 2 June 2021,Tuesday 20 July 2021
S11,NLC,NLC Summer Playoffs 2021,EUW,22,09:37:00,Tuesday 27 July 2021,Sunday 8 August 2021
S11,PCS,PCS Spring 2021,PCS,91,05:55:00,Friday 19 February 2021,Sunday 21 March 2021
S11,PCS,PCS Spring Playoffs 2021,PCS,37,08:20:00,Thursday 1 April 2021,Sunday 18 April 2021
S11,PCS,PCS Summer 2021,PCS,93,06:09:00,Friday 9 July 2021,Sunday 8 August 2021
S11,PCS,PCS Summer Playoffs 2021,PCS,40,07:27:00,Thursday 12 August 2021,Sunday 29 August 2021
S11,PG,PG Nationals Spring 2021,IT,57,06:33:00,Wednesday 13 January 2021,Thursday 25 February 2021
S11,PG,PG Nationals Spring Playoffs 2021,IT,33,07:48:00,Monday 1 March 2021,Sunday 21 March 2021
S11,PG,PG Nationals Summer 2021,IT,57,06:18:00,Tuesday 1 June 2021,Thursday 8 July 2021
S11,PG,PG Nationals Summer Playoffs 2021,IT,30,06:46:00,Tuesday 20 July 2021,Saturday 7 August 2021
S11,Prime League,Prime League Spring 2021,DE,90,06:38:00,Tuesday 19 January 2021,Thursday 4 March 2021
S11,Prime League,Prime League Spring Playoffs 2021,DE,18,08:30:00,Tuesday 9 March 2021,Sunday 21 March 2021
S11,Prime League,Prime League Summer 2021,DE,91,06:18:00,Tuesday 1 June 2021,Thursday 22 July 2021
S11,Prime League,Prime League Summer Playoffs 2021,DE,17,05:51:00,Tuesday 27 July 2021,Sunday 8 August 2021
S11,Prime League,Prime League Winter Cup 2021,DE,49,06:46:00,Sunday 3 October 2021,Sunday 14 November 2021
S11,TCL,TCL Spring 2021,TR,91,07:28:00,Saturday 23 January 2021,Sunday 21 March 2021
S11,TCL,TCL Spring Playoffs 2021,TR,22,07:22:00,Saturday 3 April 2021,Saturday 17 April 2021
S11,Hitpoint Master,Hitpoint Masters Summer Playoffs 2021,CZ,31,06:07:00,Thursday 22 July 2021,Sunday 8 August 2021
S11,TCL,TCL Summer 2021,TR,92,08:32:00,Saturday 12 June 2021,Sunday 8 August 2021
S11,TCL,TCL Summer Playoffs 2021,TR,20,08:39:00,Saturday 14 August 2021,Saturday 4 September 2021
S11,Trinity,Trinity Force Puchar Polski,PL,34,05:54:00,Sunday 1 November 2020,Sunday 15 November 2020
S11,Ultraliga,Ultraliga Season 5,PL,81,09:07:00,Tuesday 19 January 2021,Wednesday 24 March 2021
S11,Ultraliga,Ultraliga Season 6,PL,57,08:03:00,Tuesday 8 June 2021,Wednesday 21 July 2021
S11,Ultraliga,Ultraliga Season 6 Playoffs,PL,24,11:58:00,Tuesday 27 July 2021,Wednesday 11 August 2021
S11,VCS,VCS Spring 2021,VN,143,06:24:00,Friday 22 January 2021,Sunday 4 April 2021
S11,VCS,VCS Spring Playoffs 2021,VN,16,05:28:00,Saturday 10 April 2021,Sunday 18 April 2021
S11,VCS,VCS Winter 2021,VN,131,05:49:00,Tuesday 16 November 2021,Friday 17 December 2021
S11,VCS,VCS Winter Playoffs 2021,VN,17,07:11:00,Wednesday 22 December 2021,Sunday 26 December 2021
S11,World Championship,World Championship 2021,WR,83,10:24:00,Monday 11 October 2021,Saturday 6 November 2021
S11,World Championship,World Championship Play-In 2021,WR,38,06:01:00,Tuesday 5 October 2021,Saturday 9 October 2021
S10,LVP,LVP SLO Spring 2020,ES,109,10:43:00,Thursday 23 January 2020,Thursday 2 April 2020
S10,LVP,LVP SLO Summer 2020,ES,91,09:27:00,Monday 15 June 2020,Thursday 6 August 2020
S10,LVP,LVP SLO Summer Playoffs 2020,ES,19,07:25:00,Monday 10 August 2020,Friday 4 September 2020
S10,Mid-Season,Mid-Season Cup 2020,WR,25,10:11:00,Thursday 28 May 2020,Sunday 31 May 2020
S10,Mid-Season,Mid-Season Showdown 2020,WR,20,08:24:00,Thursday 7 May 2020,Saturday 30 May 2020
S10,NA,NA Academy Spring 2020,NA,90,10:28:00,Saturday 25 January 2020,Friday 27 March 2020
S10,NA,NA Academy Spring Playoffs 2020,NA,17,10:29:00,Thursday 2 April 2020,Friday 17 April 2020
S10,NA,NA Academy Summer 2020,NA,90,09:34:00,Thursday 11 June 2020,Friday 7 August 2020
S10,Hitpoint Master,Hitpoint Masters 2020 Winter Playoffs,CZ,23,06:19:00,Saturday 28 November 2020,Sunday 6 December 2020
S10,NA,NA Academy Summer Playoffs 2020,NA,18,07:50:00,Friday 14 August 2020,Friday 28 August 2020
S10,LCK,LCK Spring 2020,KR,223,09:38:00,Wednesday 5 February 2020,Thursday 16 April 2020
S10,LCK,LCK Summer Playoffs 2020,KR,14,06:05:00,Wednesday 26 August 2020,Saturday 5 September 2020
S10,EU Masters,EU Masters Spring 2020,WR,71,08:43:00,Wednesday 22 April 2020,Sunday 10 May 2020
S10,LPL,LPL Spring Playoffs 2020,CN,31,09:25:00,Wednesday 22 April 2020,Saturday 2 May 2020
S10,Iberian,Iberian Cup 2020,WR,51,08:47:00,Wednesday 21 October 2020,Sunday 15 November 2020
S10,LCK,LCK Summer 2020,KR,211,07:49:00,Wednesday 17 June 2020,Sunday 23 August 2020
S10,LFL,LFL Finals 2020,FR,6,07:06:00,Tuesday 6 October 2020,Monday 26 October 2020
S10,LFL,LFL Summer 2020,FR,62,09:28:00,Tuesday 28 July 2020,Thursday 24 September 2020
S10,LCK,LCK Summer Promotion 2020,KR,12,06:54:00,Tuesday 28 April 2020,Thursday 30 April 2020
S10,LFL,LFL Spring 2020,FR,71,08:25:00,Tuesday 21 January 2020,Thursday 9 April 2020
S10,Iberian,Iberian Cup 2020,ES,5,02:39:00,Tuesday 20 October 2020,Tuesday 20 October 2020
S10,CBLOL,CBLOL Split 2 Promotion 2020,BR,5,07:23:00,Tuesday 19 May 2020,Tuesday 19 May 2020
S10,CK,CK Spring 2020,KR,151,08:58:00,Thursday 6 February 2020,Thursday 23 April 2020
S10,CK,CK Summer 2020,KR,134,09:12:00,Thursday 18 June 2020,Thursday 20 August 2020
S10,LCS,LCS Summer Playoffs 2020,NA,48,11:14:00,Thursday 13 August 2020,Sunday 6 September 2020
S10,LFL,LFL EM Qualification 2020,FR,15,07:30:00,Thursday 13 August 2020,Sunday 16 August 2020
S10,LPL,LPL Summer Playoffs 2020,CN,30,07:39:00,Thursday 13 August 2020,Thursday 27 August 2020
S10,LJL,LJL Summer Playoffs 2020,JP,25,10:36:00,Sunday 16 August 2020,Sunday 6 September 2020
S10,LJL,LJL Spring 2020,JP,57,11:42:00,Saturday 8 February 2020,Thursday 12 March 2020
S10,CBLOL,CBLOL Split 2 2020,BR,84,08:40:00,Saturday 6 June 2020,Sunday 9 August 2020
S10,LCS,LCS Spring Playoffs 2020,NA,31,09:21:00,Saturday 4 April 2020,Sunday 19 April 2020
S10,CBLOL,CBLOL Split 1 2020,BR,84,10:05:00,Saturday 25 January 2020,Sunday 26 April 2020
S10,LCS,LCS Spring 2020,NA,94,10:19:00,Saturday 25 January 2020,Monday 30 March 2020
S10,LLA,LLA Opening Playoffs 2020,LAT,13,13:56:00,Saturday 25 April 2020,Saturday 2 May 2020
S10,LCL,LCL Spring 2020,CIS,58,07:48:00,Saturday 22 February 2020,Sunday 12 April 2020
S10,CBLOL,CBLOL Split 2 Playoffs 2020,BR,14,10:09:00,Saturday 22 August 2020,Saturday 5 September 2020
S10,LJL,LJL Spring Playoffs 2020,JP,26,10:17:00,Saturday 21 March 2020,Monday 4 May 2020
S10,Demacia,Demacia Cup 2019,CN,72,07:18:00,Saturday 21 December 2019,Sunday 29 December 2019
S10,LCL,LCL Summer 2020,CIS,57,06:30:00,Saturday 20 June 2020,Sunday 9 August 2020
S10,LLA,LLA Closing 2020,LAT,66,10:22:00,Saturday 20 June 2020,Sunday 9 August 2020
S10,CBLOL,CBLOL Split 1 Playoffs 2020,BR,9,08:55:00,Saturday 2 May 2020,Saturday 9 May 2020
S10,LPLOL,LPLOL Spring 2020,PT,70,10:05:00,Saturday 18 January 2020,Sunday 22 March 2020
S10,LCK,LCK Spring Playoffs 2020,KR,15,10:40:00,Saturday 18 April 2020,Saturday 25 April 2020
S10,LCL,LCL Spring Playoffs 2020,CIS,9,09:43:00,Saturday 18 April 2020,Sunday 26 April 2020
S10,LLA,LLA Opening 2020,LAT,66,12:56:00,Saturday 15 February 2020,Sunday 19 April 2020
S10,LCL,LCL Summer Playoffs 2020,CIS,10,05:24:00,Saturday 15 August 2020,Sunday 30 August 2020
S10,LLA,LLA Closing Playoffs 2020,LAT,14,10:52:00,Saturday 15 August 2020,Saturday 29 August 2020
S10,LJL,LJL Summer 2020,JP,57,07:55:00,Saturday 13 June 2020,Wednesday 5 August 2020
S10,OPL,OPL Split 1 2020,OCE,84,07:57:00,Friday 31 January 2020,Saturday 4 April 2020
S10,BRCC,BRCC Split 2 2020,BR,45,09:37:00,Monday 8 June 2020,Tuesday 28 July 2020
S10,LPLOL,LPLOL Summer 2020,PT,56,07:57:00,Monday 8 June 2020,Tuesday 14 July 2020
S10,LCK,LCK Regional Finals 2020,KR,10,08:57:00,Monday 7 September 2020,Wednesday 9 September 2020
S10,EU Masters,EU Masters Spring Play-In 2020,WR,59,10:07:00,Monday 6 April 2020,Thursday 9 April 2020
S10,BRCC,BRCC Split 1 2020,BR,45,10:00:00,Monday 3 February 2020,Wednesday 6 May 2020
S10,LFL,LFL Summer Playoffs 2020,FR,18,04:57:00,Monday 28 September 2020,Thursday 1 October 2020
S10,CK,CK Summer Playoffs 2020,KR,10,12:53:00,Monday 24 August 2020,Monday 31 August 2020
S10,EU Masters,EU Masters Summer 2020,WR,69,06:54:00,Monday 24 August 2020,Sunday 20 September 2020
S10,Kespa,Kespa Cup 2019,KR,46,07:45:00,Monday 23 December 2019,Sunday 5 January 2020
S10,EU Masters,EU Masters Summer Play-In 2020,WR,61,07:07:00,Monday 17 August 2020,Thursday 20 August 2020
S10,LPLOL,LPLOL Grand Final 2020,PT,14,07:08:00,Monday 16 November 2020,Sunday 22 November 2020
S10,LPL,LPL Spring 2020,CN,330,08:29:00,Monday 13 January 2020,Monday 20 April 2020
S10,BRCC,BRCC Split 1 Playoffs 2020,BR,10,07:20:00,Monday 11 May 2020,Saturday 16 May 2020
S10,BRCC,BRCC Split 2 Playoffs 2020,BR,12,09:40:00,Monday 10 August 2020,Saturday 15 August 2020
S10,OPL,OPL Split 1 Playoffs 2020,OCE,26,07:16:00,Friday 10 April 2020,Friday 24 April 2020
S10,LPL,LPL Summer 2020,CN,335,08:13:00,Friday 5 June 2020,Sunday 9 August 2020
S10,OPL,OPL Split 2 2020,OCE,84,07:55:00,Friday 5 June 2020,Saturday 8 August 2020
S10,LEC,LEC Spring Playoffs 2020,EUW,31,09:10:00,Friday 3 April 2020,Sunday 19 April 2020
S10,LPL,LPL Regional Finals 2020,CN,12,10:08:00,Friday 28 August 2020,Sunday 30 August 2020
S10,LEC,LEC Spring 2020,EUW,90,09:45:00,Friday 24 January 2020,Saturday 28 March 2020
S10,LEC,LEC Summer Playoffs 2020,EUW,30,08:51:00,Friday 21 August 2020,Sunday 6 September 2020
S10,OPL,OPL Split 2 Playoffs 2020,OCE,23,09:24:00,Friday 14 August 2020,Friday 28 August 2020
S10,PCS,PCS Spring 2020,PCS,92,08:46:00,Saturday 29 February 2020,Sunday 5 April 2020
S10,LCS,LCS Summer 2020,NA,91,10:20:00,Friday 12 June 2020,Sunday 9 August 2020
S10,LEC,LEC Summer 2020,EUW,90,09:35:00,Friday 12 June 2020,Sunday 9 August 2020
S10,PCS,PCS Spring Playoffs 2020,PCS,40,09:38:00,Friday 10 April 2020,Sunday 3 May 2020
S10,PCS,PCS Summer 2020,PCS,90,08:25:00,Saturday 20 June 2020,Saturday 1 August 2020
S10,PCS,PCS Summer Playoffs 2020,PCS,38,11:09:00,Thursday 13 August 2020,Sunday 30 August 2020
S10,PG,PG Nationals Spring 2020,IT,75,08:08:00,Wednesday 22 January 2020,Sunday 29 March 2020
S10,Hitpoint Master,Hitpoint Masters Season 13,CZ,56,08:41:00,Sunday 26 January 2020,Sunday 8 March 2020
S10,PG,PG Nationals Summer 2020,IT,91,07:49:00,Wednesday 27 May 2020,Sunday 2 August 2020
S10,Hitpoint Master,Hitpoint Masters Season 13 Playoffs - Legends,CZ,21,07:07:00,Sunday 15 March 2020,Sunday 29 March 2020
S10,Hitpoint Master,Hitpoint Masters Season 14,CZ,55,07:48:00,Sunday 21 June 2020,Sunday 26 July 2020
S10,Prime League,Prime League Grand Final 2020,DE,46,07:32:00,Thursday 1 October 2020,Sunday 15 November 2020
S10,Prime League,Prime League Spring 2020,DE,109,09:01:00,Tuesday 21 January 2020,Sunday 29 March 2020
S10,Prime League,Prime League Summer 2020,DE,90,08:33:00,Tuesday 9 June 2020,Thursday 30 July 2020
S10,Prime League,Prime League Summer Playoffs 2020,DE,14,05:32:00,Wednesday 5 August 2020,Sunday 16 August 2020
S10,TCL,TCL Spring 2020,TR,73,09:00:00,Saturday 1 February 2020,Tuesday 14 April 2020
S10,TCL,TCL Spring Playoffs 2020,TR,18,07:38:00,Monday 27 April 2020,Sunday 10 May 2020
S10,Hitpoint Master,Hitpoint Masters Winter League 2020,CZ,57,07:12:00,Sunday 18 October 2020,Sunday 15 November 2020
S10,TCL,TCL Summer 2020,TR,91,07:26:00,Saturday 6 June 2020,Sunday 2 August 2020
S10,TCL,TCL Summer Playoffs 2020,TR,21,08:50:00,Saturday 15 August 2020,Saturday 5 September 2020
S10,Ultraliga,Ultraliga Season 3,PL,78,09:53:00,Tuesday 28 January 2020,Wednesday 1 April 2020
S10,Ultraliga,Ultraliga Season 4,PL,78,08:46:00,Tuesday 9 June 2020,Wednesday 12 August 2020
S10,Ultraliga,Ultraliga Season 5 Promotion Tournament,PL,8,09:00:00,Sunday 16 August 2020,Sunday 16 August 2020
S10,VCS,VCS Spring 2020,VN,137,06:31:00,Friday 31 January 2020,Sunday 5 April 2020
S10,VCS,VCS Spring Playoffs 2020,VN,14,07:46:00,Friday 10 April 2020,Saturday 18 April 2020
S10,VCS,VCS Summer 2020,VN,135,07:21:00,Friday 19 June 2020,Sunday 16 August 2020
S10,VCS,VCS Summer Playoffs 2020,VN,34,08:06:00,Wednesday 19 August 2020,Saturday 5 September 2020
S10,World Championship,World Championship 2020,WR,76,08:01:00,Saturday 3 October 2020,Saturday 31 October 2020
S10,World Championship,World Championship Play-In 2020,WR,38,08:25:00,Friday 25 September 2020,Wednesday 30 September 2020
S09,LVP,LVP SLO Spring 2019,ES,112,09:44:00,Wednesday 30 January 2019,Sunday 31 March 2019
S09,LVP,LVP SLO Summer 2019,ES,113,10:17:00,Monday 3 June 2019,Sunday 1 September 2019
S09,LVP,LVP UKLC Spring 2019,UK,59,09:19:00,Thursday 14 February 2019,Friday 29 March 2019
S09,MCR,MCR LoL 2019,CZ,22,06:25:00,Friday 8 November 2019,Sunday 10 November 2019
S09,Mid-Season,Mid-Season Invitational 2019,WR,42,06:44:00,Friday 10 May 2019,Sunday 19 May 2019
S09,Hitpoint Legends,Hitpoint LEGENDS 3,CZ,11,08:54:00,Saturday 23 March 2019,Sunday 24 March 2019
S09,MSI,MSI Play-In 2019,WR,37,07:38:00,Wednesday 1 May 2019,Tuesday 7 May 2019
S09,NA,NA Academy Spring 2019,NA,90,10:10:00,Friday 18 January 2019,Saturday 16 March 2019
S09,NA,NA Academy Spring Playoffs 2019,NA,19,08:03:00,Thursday 21 March 2019,Saturday 6 April 2019
S09,NA,NA Academy Summer 2019,NA,90,07:55:00,Friday 31 May 2019,Sunday 28 July 2019
S09,NA,NA Academy Summer Playoffs 2019,NA,20,08:35:00,Friday 2 August 2019,Saturday 17 August 2019
S09,Hitpoint Legends,Hitpoint LEGENDS 4,CZ,14,09:42:00,Saturday 24 August 2019,Sunday 25 August 2019
S09,NA-EU,NA-EU Rift Rivals 2019,WR,13,03:52:00,Thursday 27 June 2019,Saturday 29 June 2019
S09,Hitpoint Master,Hitpoint Masters Season 11,CZ,33,07:14:00,Sunday 17 February 2019,Sunday 17 March 2019
S09,Hitpoint Master,Hitpoint Masters Season 12,CZ,36,07:32:00,Sunday 21 July 2019,Sunday 18 August 2019
S09,OPL,OPL Split 1 2019,OCE,84,08:01:00,Friday 18 January 2019,Saturday 23 March 2019
S09,OPL,OPL Split 1 Playoffs 2019,OCE,13,08:46:00,Thursday 28 March 2019,Saturday 6 April 2019
S09,OPL,OPL Split 2 2019,OCE,84,08:03:00,Friday 7 June 2019,Saturday 17 August 2019
S09,OPL,OPL Split 2 Playoffs 2019,OCE,14,09:52:00,Thursday 22 August 2019,Saturday 31 August 2019
S09,LCK,LCK Summer 2019,KR,218,09:38:00,Wednesday 5 June 2019,Sunday 18 August 2019
S09,LFL,LFL Finals 2019,FR,9,08:57:00,Wednesday 30 October 2019,Thursday 31 October 2019
S09,LCK,LCK Spring Playoffs 2019,KR,12,09:22:00,Wednesday 3 April 2019,Saturday 13 April 2019
S09,Kespa,Kespa Cup Playoffs 2018,KR,19,10:25:00,Wednesday 26 December 2018,Monday 31 December 2018
S09,LCK,LCK Summer Playoffs 2019,KR,13,09:58:00,Wednesday 21 August 2019,Saturday 31 August 2019
S09,LCK,LCK Spring 2019,KR,208,10:14:00,Wednesday 16 January 2019,Sunday 31 March 2019
S09,LCK,LCK Regional Finals 2019,KR,13,06:40:00,Tuesday 3 September 2019,Saturday 7 September 2019
S09,LFL,LFL Spring 2019,FR,74,08:43:00,Tuesday 22 January 2019,Wednesday 3 April 2019
S09,LFL,LFL Summer 2019,FR,69,07:28:00,Tuesday 21 May 2019,Wednesday 31 July 2019
S09,LCK,LCK Summer Promotion 2019,KR,16,10:19:00,Tuesday 16 April 2019,Sunday 21 April 2019
S09,LCK-LPL-LMS-VCS,LCK-LPL-LMS-VCS Rift Rivals 2019,WR,19,07:15:00,Thursday 4 July 2019,Sunday 7 July 2019
S09,LPL,LPL Spring Playoffs 2019,CN,31,07:18:00,Thursday 4 April 2019,Sunday 21 April 2019
S09,PG,PG Nationals Spring 2019,IT,73,08:39:00,Sunday 27 January 2019,Sunday 7 April 2019
S09,LPL,LPL Summer Playoffs 2019,CN,31,08:53:00,Thursday 22 August 2019,Friday 6 September 2019
S09,LMS,LMS Spring 2019,TW,138,09:06:00,Thursday 17 January 2019,Sunday 31 March 2019
S09,LMS,LMS Summer 2019,TW,102,09:32:00,Thursday 13 June 2019,Sunday 4 August 2019
S09,PG,PG Nationals Summer 2019,IT,72,07:50:00,Sunday 2 June 2019,Sunday 28 July 2019
S09,LJL,LJL Summer Playoffs 2019,JP,9,08:06:00,Sunday 1 September 2019,Monday 16 September 2019
S09,LLA,LLA Closing 2019,LAT,84,09:47:00,Saturday 8 June 2019,Sunday 4 August 2019
S09,LPLOL,LPLOL Summer 2019,PT,82,07:44:00,Saturday 8 June 2019,Tuesday 6 August 2019
S09,LPL,LPL Regional Finals 2019,CN,10,06:17:00,Saturday 7 September 2019,Sunday 8 September 2019
S09,LST,LST Summer Playoffs 2019,SEA,12,05:48:00,Saturday 7 September 2019,Sunday 15 September 2019
S09,CBLOL,CBLOL Summer Playoffs 2019,BR,13,11:07:00,Saturday 6 April 2019,Saturday 13 April 2019
S09,LJL,LJL Spring Playoffs 2019,JP,6,07:50:00,Saturday 6 April 2019,Saturday 13 April 2019
S09,LCL,LCL Summer Playoffs 2019,CIS,13,08:39:00,Saturday 31 August 2019,Sunday 15 September 2019
S09,LCL,LCL Spring Playoffs 2019,CIS,10,06:07:00,Saturday 30 March 2019,Sunday 14 April 2019
S09,LLA,LLA Opening Playoffs 2019,LAT,21,09:18:00,Saturday 30 March 2019,Saturday 20 April 2019
S09,LCS,LCS Spring 2019,NA,91,11:50:00,Saturday 26 January 2019,Sunday 24 March 2019
S09,CBLOL,CBLOL Winter Playoffs 2019,BR,12,05:41:00,Saturday 24 August 2019,Saturday 7 September 2019
S09,LCL,LCL Summer 2019,CIS,57,05:48:00,Saturday 20 July 2019,Sunday 25 August 2019
S09,LST,LST Summer 2019,SEA,62,04:30:00,Saturday 20 July 2019,Sunday 1 September 2019
S09,LST,LST Spring 2019,SEA,7,09:00:00,Saturday 20 April 2019,Sunday 21 April 2019
S09,LJL,LJL Spring 2019,JP,84,09:14:00,Saturday 19 January 2019,Friday 22 March 2019
S09,LLA,LLA Opening 2019,LAT,84,10:27:00,Saturday 19 January 2019,Sunday 24 March 2019
S09,LCL,LCL Spring 2019,CIS,57,05:43:00,Saturday 16 February 2019,Sunday 24 March 2019
S09,LJL,LJL Summer 2019,JP,84,09:01:00,Saturday 15 June 2019,Sunday 18 August 2019
S09,CBLOL,CBLOL Summer 2019,BR,84,10:42:00,Saturday 12 January 2019,Sunday 24 March 2019
S09,LCS,LCS Summer Playoffs 2019,NA,26,08:42:00,Saturday 10 August 2019,Sunday 25 August 2019
S09,LLA,LLA Closing Playoffs 2019,LAT,19,10:30:00,Saturday 10 August 2019,Saturday 31 August 2019
S09,CBLOL,CBLOL Winter 2019,BR,84,08:47:00,Saturday 1 June 2019,Saturday 10 August 2019
S09,LCS,LCS Summer 2019,NA,93,09:42:00,Saturday 1 June 2019,Sunday 4 August 2019
S09,LPL,LPL Summer 2019,CN,287,07:55:00,Saturday 1 June 2019,Sunday 18 August 2019
S09,EU Masters,EU Master Summer Play-In 2019,EUW,25,09:14:00,Monday 9 September 2019,Thursday 12 September 2019
S09,LCK,LCK Spring Promotion 2020,KR,16,12:33:00,Monday 9 September 2019,Wednesday 11 September 2019
S09,EU Masters,EU Master 2019 Spring Play-In,EUW,25,07:03:00,Monday 8 April 2019,Thursday 11 April 2019
S09,LPLOL,LPLOL Spring 2019,PT,56,07:31:00,Monday 28 January 2019,Wednesday 13 March 2019
S09,EU Masters,EU Master Summer 2019,EUW,44,08:40:00,Monday 16 September 2019,Sunday 29 September 2019
S09,EU Masters,EU Master Spring 2019,EUW,45,07:30:00,Monday 15 April 2019,Sunday 28 April 2019
S09,LPL,LPL Spring 2019,CN,292,08:32:00,Monday 14 January 2019,Sunday 31 March 2019
S09,LEC,LEC Summer 2019,EUW,91,08:15:00,Friday 7 June 2019,Saturday 17 August 2019
S09,LCS,LCS Regional Finals 2019,NA,13,11:34:00,Friday 6 September 2019,Sunday 8 September 2019
S09,LMS,LMS Regional Finals 2019,TW,10,09:24:00,Friday 6 September 2019,Sunday 8 September 2019
S09,LCS,LCS Spring Playoffs 2019,NA,22,10:06:00,Friday 29 March 2019,Saturday 13 April 2019
S09,LEC,LEC Spring Playoffs 2019,EUW,21,08:41:00,Friday 29 March 2019,Sunday 14 April 2019
S09,LEC,LEC Summer Playoffs 2019,EUW,24,07:47:00,Friday 23 August 2019,Sunday 8 September 2019
S09,LMS,LMS Summer Playoffs 2019,TW,13,09:46:00,Friday 23 August 2019,Saturday 31 August 2019
S09,LEC,LEC Spring 2019,EUW,91,08:43:00,Friday 18 January 2019,Saturday 16 March 2019
S09,LEC,LEC Regional Finals 2019,EUW,11,08:33:00,Friday 13 September 2019,Sunday 15 September 2019
S09,LMS,LMS Spring Playoffs 2019,TW,12,11:02:00,Friday 12 April 2019,Saturday 20 April 2019
S09,TCL,TCL Spring 2019,TR,91,08:15:00,Saturday 19 January 2019,Monday 18 March 2019
S09,TCL,TCL Spring Playoffs 2019,TR,17,07:49:00,Friday 29 March 2019,Saturday 13 April 2019
S09,TCL,TCL Summer 2019,TR,91,08:51:00,Saturday 8 June 2019,Sunday 4 August 2019
S09,TCL,TCL Summer Playoffs 2019,TR,20,08:35:00,Saturday 17 August 2019,Saturday 31 August 2019
S09,Ultraliga,Ultraliga Season 0,PL,105,08:49:00,Monday 22 October 2018,Sunday 23 December 2018
S09,Ultraliga,Ultraliga Season 1,PL,79,08:16:00,Tuesday 22 January 2019,Wednesday 27 March 2019
S09,Ultraliga,Ultraliga Season 2,PL,86,08:57:00,Tuesday 18 June 2019,Wednesday 28 August 2019
S09,VCS,VCS Spring 2019,VN,134,07:10:00,Thursday 17 January 2019,Sunday 24 March 2019
S09,VCS,VCS Spring Playoffs 2019,VN,13,12:25:00,Saturday 30 March 2019,Saturday 13 April 2019
S09,VCS,VCS Summer 2019,VN,135,08:11:00,Thursday 20 June 2019,Sunday 11 August 2019
S09,VCS,VCS Summer Playoffs 2019,VN,17,07:01:00,Saturday 24 August 2019,Sunday 15 September 2019
S09,World Championship,World Championship 2019,WR,77,08:45:00,Saturday 12 October 2019,Sunday 10 November 2019
S09,World Championship,World Championship Play-In 2019,WR,43,10:24:00,Wednesday 2 October 2019,Tuesday 8 October 2019
S08,LVP,LVP Spring 2018,ES,123,09:38:00,Sunday 28 January 2018,Sunday 25 March 2018
S08,LVP,LVP Summer 2018,ES,126,08:04:00,Saturday 26 May 2018,Sunday 2 September 2018
S08,Hitpoint Legends,Hitpoint LEGENDS 1,CZ,9,02:48:00,Sunday 1 April 2018,Monday 2 April 2018
S08,Hitpoint Legends,Hitpoint LEGENDS 2,CZ,12,09:29:00,Sunday 26 August 2018,Monday 27 August 2018
S08,Mid-Season,Mid-Season Invitational 2018,WR,43,10:24:00,Friday 11 May 2018,Sunday 20 May 2018
S08,MSI,MSI Play-In 2018,WR,31,08:11:00,Thursday 3 May 2018,Wednesday 9 May 2018
S08,NA,NA Academy Spring 2018,NA,91,11:31:00,Friday 19 January 2018,Friday 16 March 2018
S08,NA,NA Academy Spring Playoffs 2018,NA,12,13:06:00,Thursday 22 March 2018,Saturday 31 March 2018
S08,NA,NA Academy Summer 2018,NA,89,10:08:00,Friday 15 June 2018,Saturday 11 August 2018
S08,NA,NA Academy Summer Playoffs 2018,NA,23,09:58:00,Friday 17 August 2018,Saturday 1 September 2018
S08,NA,NA LCS Regional Qualifiers 2018,NA,9,09:01:00,Friday 14 September 2018,Sunday 16 September 2018
S08,NA,NA LCS Spring 2018,NA,95,13:49:00,Saturday 20 January 2018,Sunday 18 March 2018
S08,NA,NA LCS Spring Playoffs 2018,NA,22,09:37:00,Saturday 24 March 2018,Sunday 8 April 2018
S08,NA,NA LCS Summer 2018,NA,94,11:48:00,Saturday 16 June 2018,Tuesday 21 August 2018
S08,NA,NA LCS Summer Playoffs 2018,NA,25,10:19:00,Saturday 25 August 2018,Sunday 9 September 2018
S08,NA,NA LCS-EULCS Rift-Rivals 2018,WR,13,07:36:00,Thursday 5 July 2018,Saturday 7 July 2018
S08,Hitpoint Master,Hitpoint Masters Season 10,CZ,29,08:27:00,Thursday 26 July 2018,Thursday 9 August 2018
S08,OPL,OPL Split 1 2018,OCE,93,09:45:00,Saturday 20 January 2018,Sunday 18 March 2018
S08,OPL,OPL Split 1 Playoffs 2018,OCE,19,09:58:00,Friday 23 March 2018,Saturday 31 March 2018
S08,OPL,OPL Split 2 2018,OCE,94,08:32:00,Friday 8 June 2018,Saturday 18 August 2018
S08,OPL,OPL Split 2 Playoffs 2018,OCE,15,11:11:00,Friday 24 August 2018,Sunday 2 September 2018
S08,Hitpoint Master,Hitpoint Masters Season 9,CZ,27,03:54:00,Tuesday 6 March 2018,Wednesday 21 March 2018
S08,SEA,SEA Tour Summer 2018,SEA,36,08:45:00,Monday 13 August 2018,Sunday 19 August 2018
S08,SEA-LJL-OPL,SEA-LJL-OPL Rift-Rivals 2018,WR,19,07:21:00,Monday 2 July 2018,Thursday 5 July 2018
S08,TCL,TCL Spring 2018,TR,112,08:28:00,Saturday 20 January 2018,Monday 26 March 2018
S08,LPL,LPL Summer Playoffs 2018,CN,32,08:36:00,Wednesday 5 September 2018,Friday 14 September 2018
S08,LCL-TCL-VCS,LCL-TCL-VCS Rift-Rivals 2018,WR,19,08:05:00,Wednesday 4 July 2018,Saturday 7 July 2018
S08,LLN-CLS-CBLOL,LLN-CLS-CBLOL Rift-Rivals 2018,WR,21,09:44:00,Wednesday 4 July 2018,Sunday 8 July 2018
S08,LCK,LCK Regional Qualifiers 2018,KR,13,10:03:00,Wednesday 12 September 2018,Sunday 16 September 2018
S08,LCK,LCK Spring Promotion 2019,KR,14,14:23:00,Tuesday 18 September 2018,Saturday 22 September 2018
S08,LCK,LCK Summer Promotion 2018,KR,17,13:29:00,Tuesday 17 April 2018,Sunday 22 April 2018
S08,LCK,LCK Spring 2018,KR,214,14:04:00,Tuesday 16 January 2018,Sunday 25 March 2018
S08,LCK,LCK Summer 2018,KR,218,11:00:00,Tuesday 12 June 2018,Thursday 9 August 2018
S08,LCK-LPL-LMS,LCK-LPL-LMS Rift-Rivals 2018,WR,20,07:42:00,Thursday 5 July 2018,Sunday 8 July 2018
S08,CLS,CLS Closing Playoffs 2018,LAS,18,10:18:00,Thursday 30 August 2018,Sunday 9 September 2018
S08,CLS,CLS Opening Playoffs 2018,LAS,20,11:28:00,Thursday 29 March 2018,Saturday 14 April 2018
S08,TCL,TCL Spring Playoffs 2018,TR,21,07:07:00,Saturday 7 April 2018,Sunday 22 April 2018
S08,LMS,LMS Regional Qualifiers 2018,TW,12,07:46:00,Thursday 20 September 2018,Saturday 22 September 2018
S08,LPL,LPL Spring Playoffs 2018,CN,30,10:22:00,Thursday 12 April 2018,Saturday 28 April 2018
S08,LLN,LLN Summer 2018,LAN,56,09:51:00,Sunday 17 June 2018,Sunday 26 August 2018
S08,LCK,LCK Summer Playoffs 2018,KR,16,14:18:00,Sunday 12 August 2018,Saturday 8 September 2018
S08,CBLOL,CBLOL Winter 2018,BR,70,09:13:00,Saturday 9 June 2018,Sunday 5 August 2018
S08,LJL,LJL Summer Playoffs 2018,JP,7,10:09:00,Saturday 8 September 2018,Saturday 15 September 2018
S08,LJL,LJL Spring Playoffs 2018,JP,7,15:42:00,Saturday 7 April 2018,Saturday 14 April 2018
S08,TCL,TCL Summer 2018,TR,112,09:36:00,Saturday 16 June 2018,Monday 20 August 2018
S08,LCK,LCK Spring Playoffs 2018,KR,15,11:41:00,Saturday 31 March 2018,Saturday 14 April 2018
S08,LLN,LLN Spring Playoffs 2018,LAN,21,13:03:00,Saturday 31 March 2018,Saturday 21 April 2018
S08,LCL,LCL Summer Playoffs 2018,CIS,13,11:32:00,Saturday 25 August 2018,Sunday 2 September 2018
S08,TCL,TCL Summer Playoffs 2018,TR,20,09:20:00,Saturday 25 August 2018,Sunday 16 September 2018
S08,LMS,LMS Summer 2018,TW,136,10:49:00,Saturday 23 June 2018,Saturday 18 August 2018
S08,LCL,LCL Summer 2018,CIS,58,11:51:00,Saturday 21 July 2018,Sunday 19 August 2018
S08,CBLOL,CBLOL Summer 2018,BR,66,12:08:00,Saturday 20 January 2018,Sunday 11 March 2018
S08,CLS,CLS Opening 2018,LAS,84,10:42:00,Saturday 20 January 2018,Sunday 25 March 2018
S08,LLN,LLN Spring 2018,LAN,43,11:59:00,Saturday 20 January 2018,Saturday 24 March 2018
S08,LMS,LMS Spring 2018,TW,133,13:34:00,Saturday 20 January 2018,Sunday 1 April 2018
S08,CBLOL,CBLOL Summer Playoffs 2018,BR,18,12:43:00,Saturday 17 March 2018,Saturday 7 April 2018
S08,LCL,LCL Spring Playoffs 2018,CIS,12,08:46:00,Saturday 17 March 2018,Sunday 1 April 2018
S08,CLS,CLS Closing 2018,LAS,84,09:11:00,Saturday 16 June 2018,Sunday 26 August 2018
S08,LPL,LPL Regional Qualifiers 2018,CN,9,12:31:00,Saturday 15 September 2018,Sunday 16 September 2018
S08,EU Masters,EU Masters Spring 2018,EUW,57,09:54:00,Saturday 14 April 2018,Sunday 29 April 2018
S08,LMS,LMS Spring Playoffs 2018,TW,10,10:28:00,Saturday 14 April 2018,Sunday 22 April 2018
S08,CBLOL,CBLOL Winter Playoffs 2018,BR,16,09:00:00,Saturday 11 August 2018,Saturday 8 September 2018
S08,LCL,LCL Spring 2018,CIS,58,10:52:00,Saturday 10 February 2018,Sunday 11 March 2018
S08,LPLOL,LPLOL Summer 2018,PT,48,07:24:00,Monday 21 May 2018,Monday 9 July 2018
S08,Kespa,Kespa Cup 2017,KR,46,13:09:00,Monday 20 November 2017,Saturday 2 December 2017
S08,EU Masters,EU Masters Summer 2018,EUW,42,09:49:00,Monday 17 September 2018,Sunday 30 September 2018
S08,LPL,LPL Spring 2018,CN,317,10:18:00,Monday 15 January 2018,Sunday 8 April 2018
S08,LPL,LPL Summer 2018,CN,328,09:28:00,Monday 11 June 2018,Sunday 2 September 2018
S08,EU Masters,EU Masters 2018 Summer Play-In,EUW,23,08:20:00,Monday 10 September 2018,Thursday 13 September 2018
S08,LJL,LJL Spring 2018,JP,69,11:14:00,Friday 9 February 2018,Friday 30 March 2018
S08,LMS,LMS Summer Playoffs 2018,TW,10,09:13:00,Friday 7 September 2018,Saturday 15 September 2018
S08,LLN,LLN Summer Playoffs 2018,LAN,19,12:03:00,Friday 31 August 2018,Saturday 8 September 2018
S08,EU LCS,EU LCS Summer Playoffs 2018,EUW,24,08:28:00,Friday 24 August 2018,Sunday 9 September 2018
S08,EU LCS,EU LCS Spring Playoffs 2018,EUW,24,10:05:00,Friday 23 March 2018,Sunday 8 April 2018
S08,LJL,LJL Summer 2018,JP,75,10:24:00,Friday 22 June 2018,Saturday 11 August 2018
S08,EU LCS,EU LCS Spring 2018,EUW,91,14:47:00,Friday 19 January 2018,Saturday 17 March 2018
S08,EU LCS,EU LCS Summer 2018,EUW,93,09:23:00,Friday 15 June 2018,Sunday 19 August 2018
S08,EU LCS,EU LCS Regional Qualifiers 2018,EUW,14,11:01:00,Friday 14 September 2018,Sunday 16 September 2018
S08,Challenge France,Challenge France 2017,EUW,41,08:34:00,Friday 10 November 2017,Wednesday 29 November 2017
S08,VCS,VCS Spring 2018,VN,134,07:57:00,Thursday 18 January 2018,Sunday 18 March 2018
S08,VCS,VCS Spring Playoffs 2018,VN,13,10:51:00,Friday 30 March 2018,Saturday 7 April 2018
S08,VCS,VCS Summer 2018,VN,130,05:39:00,Thursday 21 June 2018,Sunday 19 August 2018
S08,VCS,VCS Summer Playoffs 2018,VN,13,06:10:00,Friday 7 September 2018,Saturday 22 September 2018
S08,World Championship,World Championship 2018,WR,77,08:30:00,Wednesday 10 October 2018,Saturday 3 November 2018
S08,World Championship,World Championship Play-In 2018,WR,42,07:37:00,Monday 1 October 2018,Sunday 7 October 2018
S07,Mid-Season,Mid-Season Invitational 2017,WR,42,11:51:00,Wednesday 10 May 2017,Sunday 21 May 2017
S07,MSI,MSI Play-In 2017,WR,36,10:01:00,Friday 28 April 2017,Saturday 6 May 2017
S07,NA,NA CS Spring 2017,NA,41,13:02:00,Thursday 26 January 2017,Thursday 16 March 2017
S07,NA,NA CS Summer 2017,NA,82,09:54:00,Thursday 8 June 2017,Friday 28 July 2017
S07,NA,NA LCS Regional Qualifiers 2017,NA,11,10:41:00,Friday 8 September 2017,Sunday 10 September 2017
S07,NA,NA LCS Spring 2017,NA,221,13:14:00,Saturday 21 January 2017,Sunday 26 March 2017
S07,NA,NA LCS Spring Playoffs 2017,NA,24,11:11:00,Saturday 8 April 2017,Sunday 23 April 2017
S07,NA,NA LCS Spring Promotion 2018,NA,19,12:23:00,Friday 11 August 2017,Sunday 13 August 2017
S07,NA,NA LCS Summer 2017,NA,226,11:12:00,Saturday 3 June 2017,Sunday 6 August 2017
S07,NA,NA LCS Summer Playoffs 2017,NA,23,13:34:00,Saturday 19 August 2017,Sunday 3 September 2017
S07,NA,NA LCS Summer Promotion 2017,NA,22,12:48:00,Saturday 1 April 2017,Sunday 2 April 2017
S07,CBLOL-LLN-CLS,CBLOL-LLN-CLS Rift Rivals 2017,WR,22,13:33:00,Wednesday 5 July 2017,Saturday 8 July 2017
S07,EU-NA,EU-NA Rift Rivals 2017,WR,21,11:17:00,Wednesday 5 July 2017,Saturday 8 July 2017
S07,IEM,IEM Katowice 2017,WR,27,14:33:00,Wednesday 22 February 2017,Sunday 26 February 2017
S07,IEM,IEM Gyeonggi 2016,WR,26,08:38:00,Wednesday 14 December 2016,Sunday 18 December 2016
S07,LCK,LCK Summer 2017,KR,219,12:22:00,Tuesday 30 May 2017,Sunday 6 August 2017
S07,LPL,LPL Summer Playoffs 2017,CN,31,10:46:00,Tuesday 22 August 2017,Friday 1 September 2017
S07,LPL,LPL Spring Playoffs 2017,CN,31,11:53:00,Tuesday 18 April 2017,Saturday 29 April 2017
S07,LCK,LCK Spring 2017,KR,222,13:07:00,Tuesday 17 January 2017,Sunday 2 April 2017
S07,LCK,LCK Spring Promotion 2018,KR,16,14:52:00,Tuesday 12 September 2017,Saturday 16 September 2017
S07,LPL,LPL Summer 2017,CN,233,11:21:00,Thursday 8 June 2017,Sunday 20 August 2017
S07,LCK-LPL-LMS,LCK-LPL-LMS Rift Rivals 2017,WR,21,14:39:00,Thursday 6 July 2017,Sunday 9 July 2017
S07,LCL-TCL,LCL-TCL Rift Rivals 2017,WR,19,10:28:00,Thursday 6 July 2017,Sunday 9 July 2017
S07,EU LCS,EU LCS Summer Promotion 2017,EUW,18,16:33:00,Thursday 6 April 2017,Friday 14 April 2017
S07,EU LCS,EU LCS Spring 2017,EUW,156,12:30:00,Thursday 19 January 2017,Sunday 2 April 2017
S07,LPL,LPL Spring 2017,CN,231,12:43:00,Thursday 19 January 2017,Sunday 16 April 2017
S07,EU LCS,EU LCS Spring Promotion 2017,EUW,20,08:16:00,Thursday 17 August 2017,Friday 25 August 2017
S07,EU LCS,EU LCS Summer 2017,EUW,153,10:18:00,Thursday 1 June 2017,Sunday 13 August 2017
S07,EU LCS,EU LCS Spring 2017,EUW,39,11:07:00,Sunday 5 February 2017,Sunday 26 March 2017
S07,EU LCS,EU LCS Summer 2017,EUW,37,10:42:00,Sunday 18 June 2017,Sunday 6 August 2017
S07,EU LCS,EU LCS Spring Playoffs 2017,EUW,23,14:36:00,Saturday 8 April 2017,Sunday 23 April 2017
S07,CBLOL,CBLOL Winter 2017,BR,56,14:11:00,Saturday 3 June 2017,Sunday 23 July 2017
S07,LMS,LMS Summer 2017,TW,132,11:13:00,Saturday 3 June 2017,Sunday 6 August 2017
S07,LCL,LCL Spring 2017,CIS,55,14:21:00,Saturday 28 January 2017,Sunday 19 March 2017
S07,LMS,LMS Regional Qualifiers 2017,TW,12,15:09:00,Saturday 26 August 2017,Monday 28 August 2017
S07,CBLOL,CBLOL Summer Playoffs 2017,BR,11,13:01:00,Saturday 25 March 2017,Saturday 8 April 2017
S07,LCL,LCL Summer 2017,CIS,60,10:43:00,Saturday 24 June 2017,Sunday 6 August 2017
S07,CBLOL,CBLOL Summer 2017,BR,56,15:15:00,Saturday 21 January 2017,Sunday 12 March 2017
S07,LMS,LMS Spring 2017,TW,125,12:34:00,Saturday 21 January 2017,Sunday 9 April 2017
S07,LPL,LPL Regional Qualifiers 2017,CN,8,08:51:00,Saturday 2 September 2017,Sunday 3 September 2017
S07,CBLOL,CBLOL Winter Playoffs 2017,BR,13,11:25:00,Saturday 19 August 2017,Saturday 2 September 2017
S07,EU LCS,EU LCS Summer Playoffs 2017,EUW,23,12:37:00,Saturday 19 August 2017,Sunday 3 September 2017
S07,LCL,LCL Summer Playoffs 2017,CIS,12,14:15:00,Saturday 19 August 2017,Sunday 3 September 2017
S07,LCK,LCK Summer Playoffs 2017,KR,14,09:31:00,Saturday 12 August 2017,Saturday 26 August 2017
S07,LCL,LCL Spring Playoffs 2017,CIS,14,10:03:00,Saturday 1 April 2017,Sunday 9 April 2017
S07,GPL-OPL-LJL,GPL-OPL-LJL Rift Rivals 2017,WR,18,10:51:00,Monday 3 July 2017,Thursday 6 July 2017
S07,LCK,LCK Regional Qualifiers 2017,KR,13,13:03:00,Monday 28 August 2017,Saturday 2 September 2017
S07,EU LCS,EU LCS Regional Qualifiers 2017,EUW,11,09:57:00,Friday 8 September 2017,Sunday 10 September 2017
S07,LCK,LCK Spring Playoffs 2017,KR,11,09:12:00,Friday 7 April 2017,Saturday 22 April 2017
S07,LMS,LMS Spring Playoffs 2017,TW,11,13:45:00,Friday 21 April 2017,Sunday 23 April 2017
S07,LMS,LMS Summer Playoffs 2017,TW,12,10:03:00,Friday 18 August 2017,Friday 25 August 2017
S07,World Championship,World Championship 2017,WR,80,11:53:00,Thursday 5 October 2017,Saturday 4 November 2017
S07,World Championship,World Championship Play-In 2017,WR,39,09:24:00,Saturday 23 September 2017,Friday 29 September 2017
S06,Mid-Season,Mid-Season Invitational 2016,WR,41,11:48:00,Wednesday 4 May 2016,Sunday 15 May 2016
S06,NA,NA LCS 2017 Spring Promo,NA,14,12:13:00,Thursday 4 August 2016,Sunday 7 August 2016
S06,NA,NA LCS Spring 2016,NA,90,10:57:00,Saturday 16 January 2016,Sunday 20 March 2016
S06,NA,NA LCS Spring Playoffs 2016,NA,23,10:13:00,Saturday 2 April 2016,Sunday 17 April 2016
S06,NA,NA LCS Summer 2016,NA,218,11:23:00,Friday 3 June 2016,Sunday 31 July 2016
S06,NA,NA LCS Summer Playoffs 2016,NA,25,14:24:00,Saturday 13 August 2016,Sunday 28 August 2016
S06,NA,NA LCS Summer Promo 2016,NA,13,10:30:00,Wednesday 6 April 2016,Friday 8 April 2016
S06,NA,NA Regional Qualifiers 2016,NA,10,10:07:00,Saturday 3 September 2016,Monday 5 September 2016
S06,LCK,LCK Summer 2016,KR,212,14:24:00,Wednesday 25 May 2016,Saturday 6 August 2016
S06,IWC,IWC Qualifier 2016,WR,38,13:18:00,Wednesday 24 August 2016,Sunday 4 September 2016
S06,IWC,IWC Playoffs 2016,WR,10,06:37:00,Wednesday 20 April 2016,Saturday 23 April 2016
S06,LMS,LMS Summer Playoffs 2016,TW,11,18:16:00,Wednesday 17 August 2016,Sunday 21 August 2016
S06,LCK,LCK Spring 2016,KR,215,13:41:00,Wednesday 13 January 2016,Saturday 9 April 2016
S06,LCK,LCK Spring Playoffs 2016,KR,13,15:56:00,Wednesday 13 April 2016,Saturday 23 April 2016
S06,LPL,LPL Spring Playoffs 2016,CN,24,10:16:00,Wednesday 13 April 2016,Saturday 23 April 2016
S06,LPL,LPL Summer Playoffs 2016,CN,32,12:29:00,Wednesday 10 August 2016,Friday 26 August 2016
S06,EU LCS,EU LCS 2017 Spring Promo,EUW,18,13:09:00,Thursday 4 August 2016,Sunday 7 August 2016
S06,LCK,LCK Summer Promo 2016,KR,7,02:53:00,Thursday 28 April 2016,Friday 29 April 2016
S06,LPL,LPL Summer 2016,CN,232,13:01:00,Thursday 26 May 2016,Sunday 7 August 2016
S06,EU LCS,EU LCS Summer Promo 2016,EUW,18,09:24:00,Thursday 24 March 2016,Sunday 27 March 2016
S06,EU LCS,EU LCS Summer 2016,EUW,182,12:33:00,Thursday 2 June 2016,Sunday 31 July 2016
S06,EU LCS,EU LCS Spring 2016,EUW,90,11:29:00,Thursday 14 January 2016,Friday 18 March 2016
S06,LPL,LPL Spring 2016,CN,226,12:01:00,Thursday 14 January 2016,Sunday 10 April 2016
S06,EU Regional,EU Regional Qualifiers 2016,EUW,11,11:44:00,Saturday 3 September 2016,Monday 5 September 2016
S06,LPL,LPL Regional Qualifiers 2016,CN,15,12:22:00,Saturday 27 August 2016,Sunday 28 August 2016
S06,EU LCS,EU LCS Spring Playoffs 2016,EUW,25,11:36:00,Saturday 2 April 2016,Sunday 17 April 2016
S06,IEM,IEM Oakland 2016,WR,14,09:19:00,Saturday 19 November 2016,Monday 21 November 2016
S06,EU LCS,EU LCS Summer Playoffs 2016,EUW,24,11:49:00,Saturday 13 August 2016,Sunday 28 August 2016
S06,World Championship,World Championship 2016,WR,77,14:32:00,Thursday 29 September 2016,Sunday 30 October 2016
S06,LCK,LCK Summer Playoffs 2016,KR,15,13:27:00,Monday 8 August 2016,Saturday 20 August 2016
S06,LCK,LCK Regional Qualifiers 2016,KR,14,12:23:00,Monday 29 August 2016,Saturday 3 September 2016
S06,LCK,LCK Spring Promo 2017,KR,14,00:31:00,Monday 22 August 2016,Saturday 27 August 2016
S06,IEM,IEM Katowice 2016,WR,25,10:27:00,Friday 4 March 2016,Sunday 6 March 2016
S06,LMS,LMS Regional Qualifiers 2016,TW,11,15:24:00,Friday 2 September 2016,Sunday 4 September 2016
S06,IEM,IEM Cologne 2015,WR,17,09:33:00,Friday 18 December 2015,Sunday 20 December 2015
S06,LMS,LMS Spring Playoffs 2016,TW,11,12:06:00,Friday 15 April 2016,Sunday 17 April 2016
S05,Mid-Season,Mid-Season Invitational 2015,WR,28,09:26:00,Thursday 7 May 2015,Sunday 10 May 2015
S05,NA,NA LCS Spring 2015,NA,92,13:55:00,Sunday 25 January 2015,Monday 30 March 2015
S05,NA,NA LCS Spring Playoffs 2015,NA,25,11:21:00,Saturday 4 April 2015,Sunday 19 April 2015
S05,NA,NA LCS Spring Promotion 2015,NA,7,15:21:00,Sunday 6 September 2015,Monday 7 September 2015
S05,NA,NA LCS Summer 2015,NA,93,14:55:00,Saturday 30 May 2015,Sunday 26 July 2015
S05,NA,NA LCS Summer Playoffs 2015,NA,21,14:51:00,Saturday 8 August 2015,Sunday 23 August 2015
S05,NA,NA Regional Qualifiers 2015,NA,14,11:54:00,Saturday 29 August 2015,Monday 31 August 2015
S05,OGN Champions,OGN Champions Preseason 2015,KR,36,13:05:00,Wednesday 3 December 2014,Saturday 20 December 2014
S05,World Championship,World Championship 2015,WR,73,11:58:00,Thursday 1 October 2015,Saturday 31 October 2015
S05,Champions,Champions Spring 2015,KR,128,16:15:00,Wednesday 7 January 2015,Saturday 11 April 2015
S05,IWC,IWC Turkey 2015,WR,16,12:53:00,Wednesday 26 August 2015,Saturday 29 August 2015
S05,LCK,LCK Summer 2015,KR,217,14:40:00,Wednesday 20 May 2015,Thursday 13 August 2015
S05,LCK,LCK Regional Qualifier 2015,KR,12,13:49:00,Wednesday 2 September 2015,Saturday 5 September 2015
S05,LPL,LPL Spring Playoffs 2015,CN,32,10:24:00,Tuesday 14 April 2015,Sunday 26 April 2015
S05,LPL,LPL Summer Playoffs 2015,CN,37,10:48:00,Tuesday 11 August 2015,Sunday 23 August 2015
S05,EU LCS,EU LCS Summer 2015,EUW,91,13:45:00,Thursday 28 May 2015,Friday 24 July 2015
S05,LCK,LCK Summer Playoffs 2015,KR,14,12:39:00,Sunday 16 August 2015,Saturday 29 August 2015
S05,EU LCS,EU LCS Summer Playoffs 2015,EUW,23,13:51:00,Saturday 8 August 2015,Sunday 23 August 2015
S05,IEM,IEM San Jose 2014,WR,12,14:07:00,Saturday 6 December 2014,Sunday 7 December 2014
S05,EU LCS,EU LCS Spring Promotion 2015,EUW,8,09:48:00,Saturday 5 September 2015,Saturday 5 September 2015
S05,EU LCS,EU LCS Spring Playoffs 2015,EUW,27,11:49:00,Saturday 4 April 2015,Sunday 19 April 2015
S05,EU Regional,EU Regional Qualifiers 2015,EUW,11,13:01:00,Saturday 29 August 2015,Monday 31 August 2015
S05,IWC,IWC Desafio 2015,WR,9,18:57:00,Saturday 29 August 2015,Saturday 5 September 2015
S05,IEM,IEM San Jose 2015,WR,11,15:33:00,Saturday 21 November 2015,Monday 23 November 2015
S05,LPL,LPL Regional Qualifiers 2015,CN,14,17:00:00,Friday 4 September 2015,Saturday 5 September 2015
S05,LMS,LMS Summer Playoffs 2015,TW,11,14:49:00,Friday 24 July 2015,Sunday 26 July 2015
S05,International,International Wildcard 2015,WR,7,18:20:00,Friday 24 April 2015,Saturday 25 April 2015
S05,EU LCS,EU LCS Spring 2015,EUW,91,15:15:00,Friday 23 January 2015,Saturday 28 March 2015
S05,LPL,LPL Summer 2015,CN,264,11:52:00,Friday 22 May 2015,Sunday 9 August 2015
S05,IEM,IEM Cologne 2014,WR,14,14:36:00,Friday 19 December 2014,Sunday 21 December 2014
S05,LCK,LCK Spring Playoffs 2015,KR,11,13:34:00,Friday 17 April 2015,Saturday 2 May 2015
S05,LPL,LPL Spring 2015,CN,264,12:23:00,Friday 16 January 2015,Sunday 12 April 2015
S05,LMS,LMS Regional 2015,TW,13,13:23:00,Friday 14 August 2015,Sunday 16 August 2015
S05,IEM,IEM Katowice 2015,WR,19,11:42:00,Friday 13 March 2015,Sunday 15 March 2015
S05,LCK,LCK Spring Promotion 2015,KR,8,13:05:00,Friday 11 September 2015,Saturday 12 September 2015
S05,LMS,LMS Spring Playoffs 2015,TW,10,16:54:00,Friday 10 April 2015,Sunday 12 April 2015
